username,tweet,date,time
Randy Leary,Randy Leary @Randylearyooo · 3s Token: $CHZ/USDT  Long or short: Long  TP1: 0.041175 TP2: 0.045067 SL: 0.040220  Current price: 0.040970   #bitcoin  #crypto #btc #eth #altcoin #trading #signal #memecoin #forex #xau #investing #gold #blockchain #CHZ 1,2025-08-08,08:24:33
PROFIT MAKERRER,PROFIT MAKERRER @SarmadMazhar10 · 5s  https://t.me/ProfitMakerrer   Daily Gold Alerts   Live Charts & Analysis   Stay Updated in the App!  Join here:  https://t.me/ProfitMakerrer  https://t.me/ProfitMakerrer  #GOLD   #FOREX #XAUUSD  #crypto #BTC .9yf,2025-08-08,08:24:31
PROFIT MAKERRER,PROFIT MAKERRER @SarmadMazhar10 · 9s  https://t.me/ProfitMakerrer   Daily Gold Alerts   Live Charts & Analysis   Stay Updated in the App!  Join here:  https://t.me/ProfitMakerrer  https://t.me/ProfitMakerrer  #GOLD   #FOREX #XAUUSD  #crypto #BTC .9yf9796,2025-08-08,08:24:27
SHS Tigers//CRYPTO-RECOVERY,"SHS Tigers//CRYPTO-RECOVERY @SHSTigersFB · 9s  #Swaper, #tradecage, #Virodex, #Noxsa, #extobit, #icedswap, #worex, #exmaxi — all confirmed scams. If they’re blocking your crypto, message me immediately. #CryptoScam #CryptoAlert #Solana #Paobc #BTC",2025-08-08,08:24:27
PROFIT MAKERRER,PROFIT MAKERRER @SarmadMazhar10 · 12s  https://t.me/ProfitMakerrer   Daily Gold Alerts   Live Charts & Analysis   Stay Updated in the App!  Join here:  https://t.me/ProfitMakerrer  https://t.me/ProfitMakerrer  #GOLD   #FOREX #XAUUSD  #crypto #BTC . 6d86f,2025-08-08,08:24:24
PROFIT MAKERRER,PROFIT MAKERRER @SarmadMazhar10 · 15s  https://t.me/ProfitMakerrer   Daily Gold Alerts   Live Charts & Analysis   Stay Updated in the App!  Join here:  https://t.me/ProfitMakerrer  https://t.me/ProfitMakerrer  #GOLD   #FOREX #XAUUSD  #crypto #BTC .5d,2025-08-08,08:24:21
PROFIT MAKERRER,PROFIT MAKERRER @SarmadMazhar10 · 18s  https://t.me/ProfitMakerrer   Daily Gold Alerts   Live Charts & Analysis   Stay Updated in the App!  Join here:  https://t.me/ProfitMakerrer  https://t.me/ProfitMakerrer  #GOLD   #FOREX #XAUUSD  #crypto #BTC .0uc97,2025-08-08,08:24:18
Margarida Barbosa,Margarida Barbosa @margaridaB_9 · 25s #SKATEUSDT Still at good entry  Join us   https://t.me/+Y5cTKFKN9Xg3NGQ0… https://t.me/+Y5cTKFKN9Xg3NGQ0…  #BYBIT  #ETHUSDT   #BTCUSDT  $BTC #BTC   #BINANCE                 #MYXUSDT #PROVEUSDT  #ESPORTSUSDT  #OGUSDT #BDXNUSDT,2025-08-08,08:24:12
PROFIT MAKERRER,PROFIT MAKERRER @SarmadMazhar10 · 29s  https://t.me/ProfitMakerrer   Daily Gold Alerts   Live Charts & Analysis   Stay Updated in the App!  Join here:  https://t.me/ProfitMakerrer  https://t.me/ProfitMakerrer  #GOLD   #FOREX #XAUUSD  #crypto #BTC .itx7t5v9 1,2025-08-08,08:24:08
PROFIT MAKERRER,PROFIT MAKERRER @SarmadMazhar10 · 17s  https://t.me/ProfitMakerrer   Daily Gold Alerts   Live Charts & Analysis   Stay Updated in the App!  Join here:  https://t.me/ProfitMakerrer  https://t.me/ProfitMakerrer  #GOLD   #FOREX #XAUUSD  #crypto #BTC . 6d86f,2025-08-08,08:24:24
PROFIT MAKERRER,PROFIT MAKERRER @SarmadMazhar10 · 20s  https://t.me/ProfitMakerrer   Daily Gold Alerts   Live Charts & Analysis   Stay Updated in the App!  Join here:  https://t.me/ProfitMakerrer  https://t.me/ProfitMakerrer  #GOLD   #FOREX #XAUUSD  #crypto #BTC .5d,2025-08-08,08:24:21
PROFIT MAKERRER,PROFIT MAKERRER @SarmadMazhar10 · 23s  https://t.me/ProfitMakerrer   Daily Gold Alerts   Live Charts & Analysis   Stay Updated in the App!  Join here:  https://t.me/ProfitMakerrer  https://t.me/ProfitMakerrer  #GOLD   #FOREX #XAUUSD  #crypto #BTC .0uc97,2025-08-08,08:24:18
Margarida Barbosa,Margarida Barbosa @margaridaB_9 · 29s #SKATEUSDT Still at good entry  Join us   https://t.me/+Y5cTKFKN9Xg3NGQ0… https://t.me/+Y5cTKFKN9Xg3NGQ0…  #BYBIT  #ETHUSDT   #BTCUSDT  $BTC #BTC   #BINANCE                 #MYXUSDT #PROVEUSDT  #ESPORTSUSDT  #OGUSDT #BDXNUSDT,2025-08-08,08:24:12
PROFIT MAKERRER,PROFIT MAKERRER @SarmadMazhar10 · 33s  https://t.me/ProfitMakerrer   Daily Gold Alerts   Live Charts & Analysis   Stay Updated in the App!  Join here:  https://t.me/ProfitMakerrer  https://t.me/ProfitMakerrer  #GOLD   #FOREX #XAUUSD  #crypto #BTC .itx7t5v9 1,2025-08-08,08:24:08
PROFIT MAKERRER,PROFIT MAKERRER @SarmadMazhar10 · 35s  https://t.me/ProfitMakerrer   Daily Gold Alerts   Live Charts & Analysis   Stay Updated in the App!  Join here:  https://t.me/ProfitMakerrer  https://t.me/ProfitMakerrer  #GOLD   #FOREX #XAUUSD  #crypto #BTC .8yc86ouc886,2025-08-08,08:24:06
Randy Leary,Randy Leary @Randylearyooo · 37s Token: $ARKM/USDT  Long or short: Long  TP1: 0.512851 TP2: 0.561330 SL: 0.499000  Current price: 0.510300   #bitcoin  #crypto #btc #eth #altcoin #trading #signal #memecoin #forex #xau #investing #gold #blockchain #ARKM 1 1 2,2025-08-08,08:24:04
PROFIT MAKERRER,PROFIT MAKERRER @SarmadMazhar10 · 37s  https://t.me/ProfitMakerrer   Daily Gold Alerts   Live Charts & Analysis   Stay Updated in the App!  Join here:  https://t.me/ProfitMakerrer  https://t.me/ProfitMakerrer  #GOLD   #FOREX #XAUUSD  #crypto #BTC .96d8tou 1,2025-08-08,08:24:04
PROFIT MAKERRER,PROFIT MAKERRER @SarmadMazhar10 · 40s  https://t.me/ProfitMakerrer   Daily Gold Alerts   Live Charts & Analysis   Stay Updated in the App!  Join here:  https://t.me/ProfitMakerrer  https://t.me/ProfitMakerrer  #GOLD   #FOREX #XAUUSD  #crypto #BTC .97f9ucou 1,2025-08-08,08:24:01
كريبتو كاست,كريبتو كاست @AlCryptoCast · 42s كسرت صناديق البيتكوين (ETFs) سلسلة أرباحها التي استمرت أربعة أيام بإيرادات بلغت 92 مليون دولار بقيادة بلاك روك وبيتوايز في حين واصلت صناديق الأثير تعافيها بإيرادات بلغت 35 مليون دولار #btc #eth #بيتكوين #إيثيريوم #Bitcoin #Ethereum #Crypto 3,2025-08-08,08:24:00
PROFIT MAKERRER,PROFIT MAKERRER @SarmadMazhar10 · 49s  https://t.me/ProfitMakerrer   Daily Gold Alerts   Live Charts & Analysis   Stay Updated in the App!  Join here:  https://t.me/ProfitMakerrer  https://t.me/ProfitMakerrer  #GOLD   #FOREX #XAUUSD  #crypto #BTC .od86 1,2025-08-08,08:23:53
PROFIT MAKERRER,PROFIT MAKERRER @SarmadMazhar10 · 55s  https://t.me/ProfitMakerrer   Daily Gold Alerts   Live Charts & Analysis   Stay Updated in the App!  Join here:  https://t.me/ProfitMakerrer  https://t.me/ProfitMakerrer  #GOLD   #FOREX #XAUUSD  #crypto #BTC .iyciv 1,2025-08-08,08:23:47
PROFIT MAKERRER,PROFIT MAKERRER @SarmadMazhar10 · 58s  https://t.me/ProfitMakerrer   Daily Gold Alerts   Live Charts & Analysis   Stay Updated in the App!  Join here:  https://t.me/ProfitMakerrer  https://t.me/ProfitMakerrer  #GOLD   #FOREX #XAUUSD  #crypto #BTC .c8v986 1,2025-08-08,08:23:44
PROFIT MAKERRER,PROFIT MAKERRER @SarmadMazhar10 · 1m  https://t.me/ProfitMakerrer   Daily Gold Alerts   Live Charts & Analysis   Stay Updated in the App!  Join here:  https://t.me/ProfitMakerrer  https://t.me/ProfitMakerrer  #GOLD   #FOREX #XAUUSD  #crypto #BTC .7td75 3,2025-08-08,08:23:40
Randy Leary,Randy Leary @Randylearyooo · 1m Token: $OP/USDT  Long or short: Long  TP1: 0.735559 TP2: 0.805090 SL: 0.704900  Current price: 0.731900   #bitcoin  #crypto #btc #eth #altcoin #trading #signal #memecoin #forex #xau #investing #gold #blockchain #OP 1 4,2025-08-08,08:23:37
PROFIT MAKERRER,PROFIT MAKERRER @SarmadMazhar10 · 1m  https://t.me/ProfitMakerrer   Daily Gold Alerts   Live Charts & Analysis   Stay Updated in the App!  Join here:  https://t.me/ProfitMakerrer  https://t.me/ProfitMakerrer  #GOLD   #FOREX #XAUUSD  #crypto #BTC .iyci 2,2025-08-08,08:23:37
PROFIT MAKERRER,PROFIT MAKERRER @SarmadMazhar10 · 1m  https://t.me/ProfitMakerrer   Daily Gold Alerts   Live Charts & Analysis   Stay Updated in the App!  Join here:  https://t.me/ProfitMakerrer  https://t.me/ProfitMakerrer  #GOLD   #FOREX #XAUUSD  #crypto #BTC .ky8v9 2,2025-08-08,08:23:34
小竹,小竹 @oYLdLKqVwZ52763 · 1m “149.5で売り待ち”ドンピシャ 147.85まで伸ばして +165 pips！竹内さん感謝しかないっす！！！！  ドル円 ゴールド XAUUSD 為替介入 CPI 日経平均 ビットコイン イーサリアム エヌビディア メタプラネット #BTC Quote 竹内圭【ドル円分析】 @keitakeuchi0807 · 4h 8月8日、お盆前のドル円を簡単解説！  ◎エントリー目安 売り狙い：147.3付近 SL：147.4抜け TP：146.6 部分利確候補  【ファンダ整理】  ー結局は金利で動く相場状況ー  まず今の相場は結局金利次第で動く形です。 Show more 27,2025-08-08,08:23:30
PROFIT MAKERRER,PROFIT MAKERRER @SarmadMazhar10 · 1m  https://t.me/ProfitMakerrer   Daily Gold Alerts   Live Charts & Analysis   Stay Updated in the App!  Join here:  https://t.me/ProfitMakerrer  https://t.me/ProfitMakerrer  #GOLD   #FOREX #XAUUSD  #crypto #BTC .o6fof69 2,2025-08-08,08:23:28
Aixg华语,"Aixg华语 @AIXGChinese · 1m 市场快讯｜2025年8月8日（周五）  恐惧与贪婪指数：75 全网多空占比：47.53：52.47 BTC 报 $117,350（+2.1%） ETH 报 $3,897（+5.9%） SOL 报 $174（+4.0%）  #AIXG  #BTC #ETH  #SOL #加密貨幣 2",2025-08-08,08:23:26
PROFIT MAKERRER,PROFIT MAKERRER @SarmadMazhar10 · 1m  https://t.me/ProfitMakerrer   Daily Gold Alerts   Live Charts & Analysis   Stay Updated in the App!  Join here:  https://t.me/ProfitMakerrer  https://t.me/ProfitMakerrer  #GOLD   #FOREX #XAUUSD  #crypto #BTC .85xiyc 4,2025-08-08,08:23:22
PROFIT MAKERRER,PROFIT MAKERRER @SarmadMazhar10 · 1m  https://t.me/ProfitMakerrer   Daily Gold Alerts   Live Charts & Analysis   Stay Updated in the App!  Join here:  https://t.me/ProfitMakerrer  https://t.me/ProfitMakerrer  #GOLD   #FOREX #XAUUSD  #crypto #BTC .8yc8g 1,2025-08-08,08:23:16
Jesús V,Jesús V @jesmotril · 1m El mercado de las #Criptomonedas se está calentando y #BTC la dominancia no rompe a alza esto generará una #ALTSEASON en unos pocos meses ! 1 1,2025-08-08,08:23:13
PROFIT MAKERRER,PROFIT MAKERRER @SarmadMazhar10 · 1m  https://t.me/ProfitMakerrer   Daily Gold Alerts   Live Charts & Analysis   Stay Updated in the App!  Join here:  https://t.me/ProfitMakerrer  https://t.me/ProfitMakerrer  #GOLD   #FOREX #XAUUSD  #crypto #BTC .ic86 2,2025-08-08,08:23:13
Mr. Q NeuralArB,"Mr. Q NeuralArB @LuisAlvaresQ · 1m  Trending – August 8 $PENDLE +26.32% | $XLM +15.14% $LINK +15.08% | $XRP +11.64% | $ETH +5.68%  Big caps waking up as $BTC (~$117K) inches higher.  $PENDLE leads with a huge jump, while $SOL and $AITECH keep steady greens. #NeuralArB #Crypto #Altcoins #BTC #ETH #Pendle #XRP 15",2025-08-08,08:23:09
PROFIT MAKERRER,PROFIT MAKERRER @SarmadMazhar10 · 1m  https://t.me/ProfitMakerrer   Daily Gold Alerts   Live Charts & Analysis   Stay Updated in the App!  Join here:  https://t.me/ProfitMakerrer  https://t.me/ProfitMakerrer  #GOLD   #FOREX #XAUUSD  #crypto #BTC .8yxy8 2,2025-08-08,08:23:08
yoshi,yoshi @yoshi5087456 · 1m 世界中のビットコイナーが意識してること ゴールドの時価総額まではいく →今から約10倍  そんなこと誰でも分かっていて問題はいついくかどうか #BTC 5,2025-08-08,08:23:07
MemeToken Tech,"MemeToken Tech @memetokentech · 1m Out now, some limited edition Gold Trading Cards that are free to download.   Please join our Telegram group for all the latest news and updates https://t.me/memetokentechofficial…  Token Ticker $MTT  #eth #btc #xrp #ripple #memecoin #AltcoinSeason #altcoin #nfts #tradingcards 18",2025-08-08,08:23:05
PROFIT MAKERRER,PROFIT MAKERRER @SarmadMazhar10 · 1m  https://t.me/ProfitMakerrer   Daily Gold Alerts   Live Charts & Analysis   Stay Updated in the App!  Join here:  https://t.me/ProfitMakerrer  https://t.me/ProfitMakerrer  #GOLD   #FOREX #XAUUSD  #crypto #BTC .ihv9u 1,2025-08-08,08:23:01
PROFIT MAKERRER,PROFIT MAKERRER @SarmadMazhar10 · 1m  https://t.me/ProfitMakerrer   Daily Gold Alerts   Live Charts & Analysis   Stay Updated in the App!  Join here:  https://t.me/ProfitMakerrer  https://t.me/ProfitMakerrer  #GOLD   #FOREX #XAUUSD  #crypto #BTC . oyx8yc 3,2025-08-08,08:22:58
PROFIT MAKERRER,PROFIT MAKERRER @SarmadMazhar10 · 1m  https://t.me/ProfitMakerrer   Daily Gold Alerts   Live Charts & Analysis   Stay Updated in the App!  Join here:  https://t.me/ProfitMakerrer  https://t.me/ProfitMakerrer  #GOLD   #FOREX #XAUUSD  #crypto #BTC .uyx75 4,2025-08-08,08:22:54
PROFIT MAKERRER,PROFIT MAKERRER @SarmadMazhar10 · 1m  https://t.me/ProfitMakerrer   Daily Gold Alerts   Live Charts & Analysis   Stay Updated in the App!  Join here:  https://t.me/ProfitMakerrer  https://t.me/ProfitMakerrer  #GOLD   #FOREX #XAUUSD  #crypto #BTC .ohci 2,2025-08-08,08:22:50
開運鬼龍 BYBIT【KAIUN】BITGET【h1qb】MEXC【1aXc9】,開運鬼龍 BYBIT【KAIUN】BITGET【h1qb】MEXC【1aXc9】 @kaiun69 · 1m お知らせ  私のリンクから  #ZOOMEX に新規登録すると  今だけ  【入金不要ボーナス３０ドル】  【60日間手数料割引30%オフ】  になります  #ZOOMEX 新規登録はコチラ 招待コードをどうぞ【KAIUN】 http://partner.zoomex.com/kaiun  開運鬼龍#BTC 3 40,2025-08-08,08:22:49
PROFIT MAKERRER,PROFIT MAKERRER @SarmadMazhar10 · 2m  https://t.me/ProfitMakerrer   Daily Gold Alerts   Live Charts & Analysis   Stay Updated in the App!  Join here:  https://t.me/ProfitMakerrer  https://t.me/ProfitMakerrer  #GOLD   #FOREX #XAUUSD  #crypto #BTC .ohci 2,2025-08-08,08:22:50
開運鬼龍 BYBIT【KAIUN】BITGET【h1qb】MEXC【1aXc9】,開運鬼龍 BYBIT【KAIUN】BITGET【h1qb】MEXC【1aXc9】 @kaiun69 · 2m お知らせ  私のリンクから  #ZOOMEX に新規登録すると  今だけ  【入金不要ボーナス３０ドル】  【60日間手数料割引30%オフ】  になります  #ZOOMEX 新規登録はコチラ 招待コードをどうぞ【KAIUN】 http://partner.zoomex.com/kaiun  開運鬼龍#BTC 3 40,2025-08-08,08:22:49
1vabene,1vabene @1vabene · 2m just looking for some little short move on #btc 3,2025-08-08,08:22:46
PROFIT MAKERRER,PROFIT MAKERRER @SarmadMazhar10 · 2m  https://t.me/ProfitMakerrer   Daily Gold Alerts   Live Charts & Analysis   Stay Updated in the App!  Join here:  https://t.me/ProfitMakerrer  https://t.me/ProfitMakerrer  #GOLD   #FOREX #XAUUSD  #crypto #BTC .yrs64 2,2025-08-08,08:22:39
PROFIT MAKERRER,PROFIT MAKERRER @SarmadMazhar10 · 2m  https://t.me/ProfitMakerrer   Daily Gold Alerts   Live Charts & Analysis   Stay Updated in the App!  Join here:  https://t.me/ProfitMakerrer  https://t.me/ProfitMakerrer  #GOLD   #FOREX #XAUUSD  #crypto #BTC . 5df 5,2025-08-08,08:22:33
PROFIT MAKERRER,PROFIT MAKERRER @SarmadMazhar10 · 2m  https://t.me/ProfitMakerrer   Daily Gold Alerts   Live Charts & Analysis   Stay Updated in the App!  Join here:  https://t.me/ProfitMakerrer  https://t.me/ProfitMakerrer  #GOLD   #FOREX #XAUUSD  #crypto #BTC .9ud8 5,2025-08-08,08:22:23
PROFIT MAKERRER,PROFIT MAKERRER @SarmadMazhar10 · 2m  https://t.me/ProfitMakerrer   Daily Gold Alerts   Live Charts & Analysis   Stay Updated in the App!  Join here:  https://t.me/ProfitMakerrer  https://t.me/ProfitMakerrer  #GOLD   #FOREX #XAUUSD  #crypto #BTC .pig0 7,2025-08-08,08:22:20
PROFIT MAKERRER,PROFIT MAKERRER @SarmadMazhar10 · 2m  https://t.me/ProfitMakerrer   Daily Gold Alerts   Live Charts & Analysis   Stay Updated in the App!  Join here:  https://t.me/ProfitMakerrer  https://t.me/ProfitMakerrer  #GOLD   #FOREX #XAUUSD  #crypto #BTC .9uxc8 6,2025-08-08,08:22:16
Godswill,"Godswill @iZILLA47 · 2m Replying to  @iZILLA47 $RAWW’s roadmap made it clear:  • Phase 2 = Gamification, merch, IRL movement • Phase 3 = Expansion, community, comics • Phase 4 = Products, partnerships, reward systems  Current in phase 3 and the early moves are already compounding.  #crptp #defi #raww #btc 1 7",2025-08-08,08:22:16
PROFIT MAKERRER,PROFIT MAKERRER @SarmadMazhar10 · 2m  https://t.me/ProfitMakerrer   Daily Gold Alerts   Live Charts & Analysis   Stay Updated in the App!  Join here:  https://t.me/ProfitMakerrer  https://t.me/ProfitMakerrer  #GOLD   #FOREX #XAUUSD  #crypto #BTC .oud9u 7,2025-08-08,08:22:13
PROFIT MAKERRER,PROFIT MAKERRER @SarmadMazhar10 · 2m  https://t.me/ProfitMakerrer   Daily Gold Alerts   Live Charts & Analysis   Stay Updated in the App!  Join here:  https://t.me/ProfitMakerrer  https://t.me/ProfitMakerrer  #GOLD   #FOREX #XAUUSD  #crypto #BTC .86r6 4,2025-08-08,08:22:10
PROFIT MAKERRER,PROFIT MAKERRER @SarmadMazhar10 · 2m  https://t.me/ProfitMakerrer   Daily Gold Alerts   Live Charts & Analysis   Stay Updated in the App!  Join here:  https://t.me/ProfitMakerrer  https://t.me/ProfitMakerrer  #GOLD   #FOREX #XAUUSD  #crypto #BTC .iyf7 5,2025-08-08,08:22:07
Neron Signals,Neron Signals @NeronSignals · 2m #BTC Grafigi ve AI Nero Bot yorumu.  Tum hizmetlerimiz: http://neronsignals.com  #BTC #BTCCHART #CHART #NeronSignals #crypto #Binance #AICrypto #kripto #analiz 5,2025-08-08,08:22:05
PROFIT MAKERRER,PROFIT MAKERRER @SarmadMazhar10 · 2m  https://t.me/ProfitMakerrer   Daily Gold Alerts   Live Charts & Analysis   Stay Updated in the App!  Join here:  https://t.me/ProfitMakerrer  https://t.me/ProfitMakerrer  #GOLD   #FOREX #XAUUSD  #crypto #BTC .utxiyx8 7,2025-08-08,08:22:03
OR,OR @or__tan1982 · 2m #BTC 上がっていきそう。 といってももはや期待値は望めないから #solana を集めることにする。 まだまだ伸びるしイーサリアムみたいなポジションを期待して！ #bitget で買えるよ  #SOL #仮想通貨 12,2025-08-08,08:22:03
Godswill,"Godswill @iZILLA47 · 2m Replying to  @iZILLA47 This isn’t just a game. It’s a strategic growth engine.  In a space where 99% of games are vaporware, $RAWW shipped something that:   Actually works  Runs smoothly on mobile  Feels fun to play  Gets better over time  #raww #btc #memecoins #gamer 1 1 7",2025-08-08,08:21:59
PROFIT MAKERRER,PROFIT MAKERRER @SarmadMazhar10 · 2m  https://t.me/ProfitMakerrer   Daily Gold Alerts   Live Charts & Analysis   Stay Updated in the App!  Join here:  https://t.me/ProfitMakerrer  https://t.me/ProfitMakerrer  #GOLD   #FOREX #XAUUSD  #crypto #BTC .iydi6 7,2025-08-08,08:21:57
bitcoin top signal tracker,bitcoin top signal tracker @hodlthesmartway · 3m Pi cycle top indicator  Status: not hit 111MA: 107172 350x2MA: 181975 Peak: 111MA crosses 350×2MA  #btc #crypto #Bullrun2025 1 6,2025-08-08,08:21:54
PROFIT MAKERRER,PROFIT MAKERRER @SarmadMazhar10 · 3m  https://t.me/ProfitMakerrer   Daily Gold Alerts   Live Charts & Analysis   Stay Updated in the App!  Join here:  https://t.me/ProfitMakerrer  https://t.me/ProfitMakerrer  #GOLD   #FOREX #XAUUSD  #crypto #BTC .97gg 5,2025-08-08,08:21:51
Albert Matty Crypto Expert,Albert Matty Crypto Expert @albert_matt3 · 3m  ALERT: Avoid these platforms — #Swaper #tradecage #Virodex #Noxsa #extobit #icedswap #worex #exmaxi They’re all blocking withdrawals. DM for expert recovery help. #CryptoScam #CryptoAlert #Solana #Paobc #BTC #skvq #LSSC #STIQ 3,2025-08-08,08:21:47
Jingle Mining,Jingle Mining @JingleMining · 3m Bitmain S19 Pro Hyd:24/7 operation is a breeze—no electricity worries #btc #jinglemining #mining #web3 #asicminer #DOGE #BEL #DGB #LTC #Bitmain 8,2025-08-08,08:21:46
PROFIT MAKERRER,PROFIT MAKERRER @SarmadMazhar10 · 3m  https://t.me/ProfitMakerrer   Daily Gold Alerts   Live Charts & Analysis   Stay Updated in the App!  Join here:  https://t.me/ProfitMakerrer  https://t.me/ProfitMakerrer  #GOLD   #FOREX #XAUUSD  #crypto #BTC .86d86diyc 5,2025-08-08,08:21:46
PROFIT MAKERRER,PROFIT MAKERRER @SarmadMazhar10 · 3m  https://t.me/ProfitMakerrer   Daily Gold Alerts   Live Charts & Analysis   Stay Updated in the App!  Join here:  https://t.me/ProfitMakerrer  https://t.me/ProfitMakerrer  #GOLD   #FOREX #XAUUSD  #crypto #BTC .75s7d97 6,2025-08-08,08:21:44
PROFIT MAKERRER,PROFIT MAKERRER @SarmadMazhar10 · 3m  https://t.me/ProfitMakerrer   Daily Gold Alerts   Live Charts & Analysis   Stay Updated in the App!  Join here:  https://t.me/ProfitMakerrer  https://t.me/ProfitMakerrer  #GOLD   #FOREX #XAUUSD  #crypto #BTC .9uc97dou 7,2025-08-08,08:21:41
PROFIT MAKERRER,PROFIT MAKERRER @SarmadMazhar10 · 3m  https://t.me/ProfitMakerrer   Daily Gold Alerts   Live Charts & Analysis   Stay Updated in the App!  Join here:  https://t.me/ProfitMakerrer  https://t.me/ProfitMakerrer  #GOLD   #FOREX #XAUUSD  #crypto #BTC .8yd96lyx86 6,2025-08-08,08:21:39
PROFIT MAKERRER,PROFIT MAKERRER @SarmadMazhar10 · 3m  https://t.me/ProfitMakerrer   Daily Gold Alerts   Live Charts & Analysis   Stay Updated in the App!  Join here:  https://t.me/ProfitMakerrer  https://t.me/ProfitMakerrer  #GOLD   #FOREX #XAUUSD  #crypto #BTC .gotxoy 7,2025-08-08,08:21:37
PROFIT MAKERRER,PROFIT MAKERRER @SarmadMazhar10 · 3m  https://t.me/ProfitMakerrer   Daily Gold Alerts   Live Charts & Analysis   Stay Updated in the App!  Join here:  https://t.me/ProfitMakerrer  https://t.me/ProfitMakerrer  #GOLD   #FOREX #XAUUSD  #crypto #BTC .97f979 7,2025-08-08,08:21:25
PROFIT MAKERRER,PROFIT MAKERRER @SarmadMazhar10 · 3m  https://t.me/ProfitMakerrer   Daily Gold Alerts   Live Charts & Analysis   Stay Updated in the App!  Join here:  https://t.me/ProfitMakerrer  https://t.me/ProfitMakerrer  #GOLD   #FOREX #XAUUSD  #crypto #BTC .t7d86 5,2025-08-08,08:21:18
Hyperbot Official| SMART DASHBOARD&TRADING,"Hyperbot Official| SMART DASHBOARD&TRADING @Hyperbotai · 3m This morning, AguilaTrades  @AguilaTrades  increased his long positions in both $BTC and $ETH to $227 million, with a current floating profit of $3.227 million.  #BTC: 40x long, 1277.75 coins held, opening price $115,968   Track  @AguilaTrades  : https://hyperbot.network/trader/0x1f250Df59A777d61Cb8bd043c12970F3AFE4F925… 1 8",2025-08-08,08:21:15
Ekonomikoçu,"Ekonomikoçu @ekonomikocu · 3m Replying to  @ekonomikocu #BTC göstergeleri aşırı derecede şişince, #eth göstergeleri geri de kaldılar.  Artık ABD borsalarından tut  bir çok yer tıkandı gitmiyor.  Piyasaya iki yol kaldı.  Ya #Dxy yi kaldıracaksın arkası  yumuşak dile döneceksin..  Ya da bir yerlere taviz vermen  gerekiyor.   Bu tabiki Show more 1 47 782",2025-08-08,08:21:14
PROFIT MAKERRER,PROFIT MAKERRER @SarmadMazhar10 · 3m  https://t.me/ProfitMakerrer   Daily Gold Alerts   Live Charts & Analysis   Stay Updated in the App!  Join here:  https://t.me/ProfitMakerrer  https://t.me/ProfitMakerrer  #GOLD   #FOREX #XAUUSD  #crypto #BTC . 96d86 6,2025-08-08,08:21:11
PROFIT MAKERRER,PROFIT MAKERRER @SarmadMazhar10 · 3m  https://t.me/ProfitMakerrer   Daily Gold Alerts   Live Charts & Analysis   Stay Updated in the App!  Join here:  https://t.me/ProfitMakerrer  https://t.me/ProfitMakerrer  #GOLD   #FOREX #XAUUSD  #crypto #BTC .97f07 5,2025-08-08,08:21:08
PROFIT MAKERRER,PROFIT MAKERRER @SarmadMazhar10 · 3m  https://t.me/ProfitMakerrer   Daily Gold Alerts   Live Charts & Analysis   Stay Updated in the App!  Join here:  https://t.me/ProfitMakerrer  https://t.me/ProfitMakerrer  #GOLD   #FOREX #XAUUSD  #crypto #BTC .9u69 5,2025-08-08,08:21:00
PROFIT MAKERRER,PROFIT MAKERRER @SarmadMazhar10 · 4m  https://t.me/ProfitMakerrer   Daily Gold Alerts   Live Charts & Analysis   Stay Updated in the App!  Join here:  https://t.me/ProfitMakerrer  https://t.me/ProfitMakerrer  #GOLD   #FOREX #XAUUSD  #crypto #BTC .iyxy 6,2025-08-08,08:20:51
TheBitMedia,TheBitMedia @TheBitMedia_com · 4m The  @eigenlayer  tokenomics more bad than  @celestia From oct they have 12% of supply unlock every month (2x of celestia as celestia unlocks 6%) Imagine the dump of Eigen token after unlock  I just shorted this VC shit #crypto #bull #bear #btc #eth #sol #altseason 1 1 14,2025-08-08,08:20:42
PROFIT MAKERRER,PROFIT MAKERRER @SarmadMazhar10 · 4m  https://t.me/ProfitMakerrer   Daily Gold Alerts   Live Charts & Analysis   Stay Updated in the App!  Join here:  https://t.me/ProfitMakerrer  https://t.me/ProfitMakerrer  #GOLD   #FOREX #XAUUSD  #crypto #BTC .if9u 1 15,2025-08-08,08:20:32
PROFIT MAKERRER,PROFIT MAKERRER @SarmadMazhar10 · 4m  https://t.me/ProfitMakerrer   Daily Gold Alerts   Live Charts & Analysis   Stay Updated in the App!  Join here:  https://t.me/ProfitMakerrer  https://t.me/ProfitMakerrer  #GOLD   #FOREX #XAUUSD  #crypto #BTC .g97g 1 11,2025-08-08,08:20:29
PROFIT MAKERRER,PROFIT MAKERRER @SarmadMazhar10 · 4m  https://t.me/ProfitMakerrer   Daily Gold Alerts   Live Charts & Analysis   Stay Updated in the App!  Join here:  https://t.me/ProfitMakerrer  https://t.me/ProfitMakerrer  #GOLD   #FOREX #XAUUSD  #crypto #BTC .7f7 1 7,2025-08-08,08:20:26
Albert Matty Crypto Expert,Albert Matty Crypto Expert @albert_matt3 · 4m  Identity theft + deepfakes = new crypto scam wave! Don’t believe every “founder” video you see!  #CryptoRecovery #BitWalletBP #CryptoScam #ScamAlert #Blockchain #BTC #Web3 #CryptoCommunity #Altcoin #ETH #DegeCoin #Margex #SwaperScam #LSSC #STIQ #Swaper #skvq 6,2025-08-08,08:20:25
Büyük patronlar küçük hesap yapmaz!,Büyük patronlar küçük hesap yapmaz! @ersoytrn · 4m Forex #us100 #nasdaq #ger30 #dax #EURUSD #ukoil #btc Damlaya damlaya 1 11,2025-08-08,08:20:23
PROFIT MAKERRER,PROFIT MAKERRER @SarmadMazhar10 · 4m  https://t.me/ProfitMakerrer   Daily Gold Alerts   Live Charts & Analysis   Stay Updated in the App!  Join here:  https://t.me/ProfitMakerrer  https://t.me/ProfitMakerrer  #GOLD   #FOREX #XAUUSD  #crypto #BTC .07v97 1 8,2025-08-08,08:20:23
PROFIT MAKERRER,PROFIT MAKERRER @SarmadMazhar10 · 4m  https://t.me/ProfitMakerrer   Daily Gold Alerts   Live Charts & Analysis   Stay Updated in the App!  Join here:  https://t.me/ProfitMakerrer  https://t.me/ProfitMakerrer  #GOLD   #FOREX #XAUUSD  #crypto #BTC .97c86 1 10,2025-08-08,08:20:19
Crypto Master ( Futures/Spot ),"Crypto Master ( Futures/Spot ) @master_binance · 4m #USDT.D 8H  ANALYSIS UPDATE #Crypto #BTC    7% drop – perfectly in line with our analysis.l   USDT Dominance – Price Action View (8H)  • Resistance (4.54%) rejected price sharply → confirmed as strong supply.  • Forming lower high structure below 4.41%  • Support zone Show more Quote Crypto Master ( Futures/Spot ) @master_binance · Aug 3 #USDT.D 8H  ANALYSIS UPDATE #Crypto #BTC   After about 10% pump on this index on wave D, we are still waiting for confirmations to pinpoint the finishing point.  One confirmation to decide this matter would be the highlighted green support zone. The type of reaction is going to  1 1 27",2025-08-08,08:20:15
PROFIT MAKERRER,PROFIT MAKERRER @SarmadMazhar10 · 4m  https://t.me/ProfitMakerrer   Daily Gold Alerts   Live Charts & Analysis   Stay Updated in the App!  Join here:  https://t.me/ProfitMakerrer  https://t.me/ProfitMakerrer  #GOLD   #FOREX #XAUUSD  #crypto #BTC .86d86f 1 8,2025-08-08,08:20:14
SHS Tigers//CRYPTO-RECOVERY,SHS Tigers//CRYPTO-RECOVERY @SHSTigersFB · 5m ALERT: Avoid these platforms — #Swaper #tradecage #Virodex #Noxsa #extobit #icedswap #worex #exmaxi They’re all blocking withdrawals. DM for expert recovery help. #CryptoScam #CryptoAlert #Solana #Paobc #BTC #skvq 6,2025-08-08,08:20:04
PROFIT MAKERRER,PROFIT MAKERRER @SarmadMazhar10 · 5m  https://t.me/ProfitMakerrer   Daily Gold Alerts   Live Charts & Analysis   Stay Updated in the App!  Join here:  https://t.me/ProfitMakerrer  https://t.me/ProfitMakerrer  #GOLD   #FOREX #XAUUSD  #crypto #BTC .96f9iyd86 7,2025-08-08,08:20:01
PROFIT MAKERRER,PROFIT MAKERRER @SarmadMazhar10 · 5m  https://t.me/ProfitMakerrer   Daily Gold Alerts   Live Charts & Analysis   Stay Updated in the App!  Join here:  https://t.me/ProfitMakerrer  https://t.me/ProfitMakerrer  #GOLD   #FOREX #XAUUSD  #crypto #BTC .97f98gxuo 4,2025-08-08,08:19:59
PROFIT MAKERRER,PROFIT MAKERRER @SarmadMazhar10 · 5m  https://t.me/ProfitMakerrer   Daily Gold Alerts   Live Charts & Analysis   Stay Updated in the App!  Join here:  https://t.me/ProfitMakerrer  https://t.me/ProfitMakerrer  #GOLD   #FOREX #XAUUSD  #crypto #BTC .86f6pufpu 6,2025-08-08,08:19:57
PROFIT MAKERRER,PROFIT MAKERRER @SarmadMazhar10 · 5m  https://t.me/ProfitMakerrer   Daily Gold Alerts   Live Charts & Analysis   Stay Updated in the App!  Join here:  https://t.me/ProfitMakerrer  https://t.me/ProfitMakerrer  #GOLD   #FOREX #XAUUSD  #crypto #BTC .puf9gou 6,2025-08-08,08:19:55
PROFIT MAKERRER,PROFIT MAKERRER @SarmadMazhar10 · 5m  https://t.me/ProfitMakerrer   Daily Gold Alerts   Live Charts & Analysis   Stay Updated in the App!  Join here:  https://t.me/ProfitMakerrer  https://t.me/ProfitMakerrer  #GOLD   #FOREX #XAUUSD  #crypto #BTC .6d86ouc97 6,2025-08-08,08:19:53
PROFIT MAKERRER,PROFIT MAKERRER @SarmadMazhar10 · 5m  https://t.me/ProfitMakerrer   Daily Gold Alerts   Live Charts & Analysis   Stay Updated in the App!  Join here:  https://t.me/ProfitMakerrer  https://t.me/ProfitMakerrer  #GOLD   #FOREX #XAUUSD  #crypto #BTC .8yc8yluc9 6,2025-08-08,08:19:51
choo,choo @MeganP43140 · 5m Best Sports Bet 2025  １ Stake https://tgr.jp/stake  ２ Roobet https://tgr.jp/roobet  ３ Gamdom https://tgr.jp/gamdom  ４ BCgame https://tgr.jp/bcgame  ５ Shuffle https://tgr.jp/shuffle  #crypto #bitcoin #ripple #ethereum #btc #freepicks 4317818 12,2025-08-08,08:19:50
PROFIT MAKERRER,PROFIT MAKERRER @SarmadMazhar10 · 5m  https://t.me/ProfitMakerrer   Daily Gold Alerts   Live Charts & Analysis   Stay Updated in the App!  Join here:  https://t.me/ProfitMakerrer  https://t.me/ProfitMakerrer  #GOLD   #FOREX #XAUUSD  #crypto #BTC .ouf98d8 7,2025-08-08,08:19:49
PROFIT MAKERRER,PROFIT MAKERRER @SarmadMazhar10 · 5m  https://t.me/ProfitMakerrer   Daily Gold Alerts   Live Charts & Analysis   Stay Updated in the App!  Join here:  https://t.me/ProfitMakerrer  https://t.me/ProfitMakerrer  #GOLD   #FOREX #XAUUSD  #crypto #BTC .6d8686ditu 6,2025-08-08,08:19:45
PROFIT MAKERRER,PROFIT MAKERRER @SarmadMazhar10 · 5m  https://t.me/ProfitMakerrer   Daily Gold Alerts   Live Charts & Analysis   Stay Updated in the App!  Join here:  https://t.me/ProfitMakerrer  https://t.me/ProfitMakerrer  #GOLD   #FOREX #XAUUSD  #crypto #BTC .ouc9u8y7 7,2025-08-08,08:19:43
Royce Dean || Crypto Recovery Expert,"Royce Dean || Crypto Recovery Expert @1royy__ · 5m SCAM: #Synlenza & #TXEX demand fake “tax fees” to drain your wallet! Stop all payments immediately — it’s a setup.  DM now for expert recovery help, no upfront fees.  #CryptoScam #GTCFX #PrexaSwap #Coinsfox #Fisngloue #Coinverge #bitsorcoinsa #LSSC #BTC #InvestmentScam #Cosmie 6",2025-08-08,08:19:42
PROFIT MAKERRER,PROFIT MAKERRER @SarmadMazhar10 · 5m  https://t.me/ProfitMakerrer   Daily Gold Alerts   Live Charts & Analysis   Stay Updated in the App!  Join here:  https://t.me/ProfitMakerrer  https://t.me/ProfitMakerrer  #GOLD   #FOREX #XAUUSD  #crypto #BTC . uduuvs 7x9y 5,2025-08-08,08:19:41
PROFIT MAKERRER,PROFIT MAKERRER @SarmadMazhar10 · 5m  https://t.me/ProfitMakerrer   Daily Gold Alerts   Live Charts & Analysis   Stay Updated in the App!  Join here:  https://t.me/ProfitMakerrer  https://t.me/ProfitMakerrer  #GOLD   #FOREX #XAUUSD  #crypto #BTC .9yd86oyf97 6,2025-08-08,08:19:39
PROFIT MAKERRER,PROFIT MAKERRER @SarmadMazhar10 · 5m  https://t.me/ProfitMakerrer   Daily Gold Alerts   Live Charts & Analysis   Stay Updated in the App!  Join here:  https://t.me/ProfitMakerrer  https://t.me/ProfitMakerrer  #GOLD   #FOREX #XAUUSD  #crypto #BTC .97f970ucoy 4,2025-08-08,08:19:37
Sunt Motivat,"Sunt Motivat @SuntMotivat · 5m  Poți câștiga până la 1,168 USD în $BTC cu o singură rotire!   100% premii garantate – pentru utilizatori noi și existenți   Premii:  0.01 #BTC = 1,168$   0.1 $ETH = 392$  0.5 $EGLD = 7.7$  $XRP, $WIF, $USDT și altele   User nou? După KYC primești 1 rotire gratuită Show more 1 1 3 59",2025-08-08,08:19:36
PROFIT MAKERRER,PROFIT MAKERRER @SarmadMazhar10 · 5m  https://t.me/ProfitMakerrer   Daily Gold Alerts   Live Charts & Analysis   Stay Updated in the App!  Join here:  https://t.me/ProfitMakerrer  https://t.me/ProfitMakerrer  #GOLD   #FOREX #XAUUSD  #crypto #BTC .97f9jl lj 7,2025-08-08,08:19:31
PROFIT MAKERRER,PROFIT MAKERRER @SarmadMazhar10 · 5m  https://t.me/ProfitMakerrer   Daily Gold Alerts   Live Charts & Analysis   Stay Updated in the App!  Join here:  https://t.me/ProfitMakerrer  https://t.me/ProfitMakerrer  #GOLD   #FOREX #XAUUSD  #crypto #BTC .86d867couc 6,2025-08-08,08:19:28
SHS Tigers//CRYPTO-RECOVERY,"SHS Tigers//CRYPTO-RECOVERY @SHSTigersFB · 5m  WARNING: #Swaper, #tradecage, #Virodex, #Noxsa, #extobit, #icedswap, #worex, and #exmaxi are scamming users! Funds stuck? DM me now for expert recovery support.  #coinspot #lssc #Oxgatens #CryptoScam #CryptoAlert #Solana #Paobc #BTC 10",2025-08-08,08:19:28
PROFIT MAKERRER,PROFIT MAKERRER @SarmadMazhar10 · 5m  https://t.me/ProfitMakerrer   Daily Gold Alerts   Live Charts & Analysis   Stay Updated in the App!  Join here:  https://t.me/ProfitMakerrer  https://t.me/ProfitMakerrer  #GOLD   #FOREX #XAUUSD  #crypto #BTC .7f86ohcou 8,2025-08-08,08:19:27
PROFIT MAKERRER,PROFIT MAKERRER @SarmadMazhar10 · 5m  https://t.me/ProfitMakerrer   Daily Gold Alerts   Live Charts & Analysis   Stay Updated in the App!  Join here:  https://t.me/ProfitMakerrer  https://t.me/ProfitMakerrer  #GOLD   #FOREX #XAUUSD  #crypto #BTC .ouc97x7d5f 8,2025-08-08,08:19:23
Cryptotab ₿itcoin Original Script,"Cryptotab ₿itcoin Original Script @cryptotablegit · 5m  See How CryptoTab Bitcoin Script Prints $1,150 DAILY!   https://cb.run/xprc  #Bitcoin #CryptoTab #BitcoinMining #CryptoMining #BTC #EarnBitcoin #PassiveIncome #CryptoEarning #MiningScript #BitcoinHack #CryptoLife #OnlineIncome #EarnMoneyOnline #Blockchain #BitcoinTürkiye 6",2025-08-08,08:19:22
PROFIT MAKERRER,PROFIT MAKERRER @SarmadMazhar10 · 5m  https://t.me/ProfitMakerrer   Daily Gold Alerts   Live Charts & Analysis   Stay Updated in the App!  Join here:  https://t.me/ProfitMakerrer  https://t.me/ProfitMakerrer  #GOLD   #FOREX #XAUUSD  #crypto #BTC .86d866xiy 9,2025-08-08,08:19:19
PROFIT MAKERRER,PROFIT MAKERRER @SarmadMazhar10 · 5m  https://t.me/ProfitMakerrer   Daily Gold Alerts   Live Charts & Analysis   Stay Updated in the App!  Join here:  https://t.me/ProfitMakerrer  https://t.me/ProfitMakerrer  #GOLD   #FOREX #XAUUSD  #crypto #BTC .96f997f86g 8,2025-08-08,08:19:17
PROFIT MAKERRER,PROFIT MAKERRER @SarmadMazhar10 · 5m  https://t.me/ProfitMakerrer   Daily Gold Alerts   Live Charts & Analysis   Stay Updated in the App!  Join here:  https://t.me/ProfitMakerrer  https://t.me/ProfitMakerrer  #GOLD   #FOREX #XAUUSD  #crypto #BTC .86fdcy9 9,2025-08-08,08:19:15
PROFIT MAKERRER,PROFIT MAKERRER @SarmadMazhar10 · 6m  https://t.me/ProfitMakerrer   Daily Gold Alerts   Live Charts & Analysis   Stay Updated in the App!  Join here:  https://t.me/ProfitMakerrer  https://t.me/ProfitMakerrer  #GOLD   #FOREX #XAUUSD  #crypto #BTC .oucoulciy 7,2025-08-08,08:19:13
PROFIT MAKERRER,PROFIT MAKERRER @SarmadMazhar10 · 6m  https://t.me/ProfitMakerrer   Daily Gold Alerts   Live Charts & Analysis   Stay Updated in the App!  Join here:  https://t.me/ProfitMakerrer  https://t.me/ProfitMakerrer  #GOLD   #FOREX #XAUUSD  #crypto #BTC .6ffouf97 9,2025-08-08,08:19:11
PROFIT MAKERRER,PROFIT MAKERRER @SarmadMazhar10 · 6m  https://t.me/ProfitMakerrer   Daily Gold Alerts   Live Charts & Analysis   Stay Updated in the App!  Join here:  https://t.me/ProfitMakerrer  https://t.me/ProfitMakerrer  #GOLD   #FOREX #XAUUSD  #crypto #BTC .9u8y 6,2025-08-08,08:19:07
Albert Matty Crypto Expert,Albert Matty Crypto Expert @albert_matt3 · 6m  Stolen crypto from #Exmaxi or #Kertexcoin? There’s still a path to recovery — act fast.  Message today for professional help  no upfront cost. #CryptoRecovery #CryptoScam #BitWalletBP #BTC #Blockchain #Crypto #XRP #Investing #CryptoNews #LibertyCoin #SwaperScam #LSSC #Sawper 1 31,2025-08-08,08:18:55
Orin,Orin @OrinLucky · 6m A new executive order directs agencies to allow broader  401(k) exposure to crypto; #BTC jumped past $117K on the headline. 1 8,2025-08-08,08:18:53
うさぎ,うさぎ @are0705 · 6m 長くやってると変な癖がつくけど、雅人さんの視点を取り入れてから明らかに精度が増した。トレードの質を上げたい人は必見。  ドル円 #USDJPY ビットコイン #BTC XAUUSD ゴールド リップル ユーロドル 金利 TOPIX Quote 雅人|FXトレーダー×ドル円×ビットコイン×ゴールド分析| @masato_fxtrader · 25m ドル円進捗です！  レンジ相場でどちらも狙える状況です。 目線は引き続き戻り売り狙っていきます Show more 130,2025-08-08,08:18:51
Paradice.in Crypto casino,Paradice.in Crypto casino @yourparadice · 6m Replying to  @yourparadice Sign up / sign in to get your bonuses in #BTC #ETH #DOGE #LTC #DASH #USDT and #TRX: https://bit.ly/3epsvkI   Congrats to the August 7th Regatta winners!  Their prizes:   Jatri — $300+ in BTC   Dragon — $75+ in BTC   mohsensmh — $50+ in BTC  +17 players   Good luck  15,2025-08-08,08:18:48
PROFIT MAKERRER,PROFIT MAKERRER @SarmadMazhar10 · 6m  https://t.me/ProfitMakerrer   Daily Gold Alerts   Live Charts & Analysis   Stay Updated in the App!  Join here:  https://t.me/ProfitMakerrer  https://t.me/ProfitMakerrer  #GOLD   #FOREX #XAUUSD  #crypto #BTC .96f97 7,2025-08-08,08:18:42
うさぎ,うさぎ @are0705 · 6m 長くやってると変な癖がつくけど、雅人さんの視点を取り入れてから明らかに精度が増した。トレードの質を上げたい人は必見。  ドル円 #USDJPY ビットコイン #BTC XAUUSD ゴールド リップル ユーロドル 金利 TOPIX Quote 雅人|FXトレーダー×ドル円×ビットコイン×ゴールド分析| @masato_fxtrader · 25m ドル円進捗です！  レンジ相場でどちらも狙える状況です。 目線は引き続き戻り売り狙っていきます  147.590が非常に強いレジスタンスに。 1時間足・15分足ともに複数回上ヒゲで抑えられている ブレイクできずに反発→失速→反発の繰り返し。  トリプルトップ形成の兆し Show more 130,2025-08-08,08:18:51
Büyük patronlar küçük hesap yapmaz!,Büyük patronlar küçük hesap yapmaz! @ersoytrn · 6m Forex #us100 #nasdaq #ger30 #dax #EURUSD #ukoil #btc Damlaya damlaya 13,2025-08-08,08:18:40
PROFIT MAKERRER,PROFIT MAKERRER @SarmadMazhar10 · 6m  https://t.me/ProfitMakerrer   Daily Gold Alerts   Live Charts & Analysis   Stay Updated in the App!  Join here:  https://t.me/ProfitMakerrer  https://t.me/ProfitMakerrer  #GOLD   #FOREX #XAUUSD  #crypto #BTC .khc9 7,2025-08-08,08:18:39
PROFIT MAKERRER,PROFIT MAKERRER @SarmadMazhar10 · 6m  https://t.me/ProfitMakerrer   Daily Gold Alerts   Live Charts & Analysis   Stay Updated in the App!  Join here:  https://t.me/ProfitMakerrer  https://t.me/ProfitMakerrer  #GOLD   #FOREX #XAUUSD  #crypto #BTC .8yd96 5,2025-08-08,08:18:35
PROFIT MAKERRER,PROFIT MAKERRER @SarmadMazhar10 · 7m  https://t.me/ProfitMakerrer   Daily Gold Alerts   Live Charts & Analysis   Stay Updated in the App!  Join here:  https://t.me/ProfitMakerrer  https://t.me/ProfitMakerrer  #GOLD   #FOREX #XAUUSD  #crypto #BTC .9uc9u 7,2025-08-08,08:18:18
PROFIT MAKERRER,PROFIT MAKERRER @SarmadMazhar10 · 7m  https://t.me/ProfitMakerrer   Daily Gold Alerts   Live Charts & Analysis   Stay Updated in the App!  Join here:  https://t.me/ProfitMakerrer  https://t.me/ProfitMakerrer  #GOLD   #FOREX #XAUUSD  #crypto #BTC .khxiy 5,2025-08-08,08:18:14
SHS Tigers//CRYPTO-RECOVERY,SHS Tigers//CRYPTO-RECOVERY @SHSTigersFB · 7m Stolen crypto from #Exmaxi or #Kertexcoin? There’s still a path to recovery — act fast.  Message today for professional help — no upfront cost. #CryptoRecovery #CryptoScam #BitWalletBP #BTC #Blockchain #Crypto #XRP #Investing #CryptoNews #LibertyCoin 28,2025-08-08,08:18:09
테비새(Only TSLA & Bitcoin),테비새(Only TSLA & Bitcoin) @OnlyTSLAnBit · 7m 최선을 다해서 모았는데도 부족한 느낌. 나는 아직도 목이 마르다~ #BTC 7,2025-08-08,08:18:08
Cameron Aslatt,Cameron Aslatt @Cameron_aslatt · 7m LONG  #FARTCOIN 25x lev here . Target : 50% - 100%  $SPY $TSLA $NVDA $QQQ $META $COIN $MSTR #BTC $AVGO $GEV $ORCL $ARM $NFLX #FARTCOIN $BTC   Join our Telegram Community  https://t.me/+Aa4lwAu80ZI1NmQ0… 92,2025-08-08,08:17:59
MasonChainGuard | Crypto Recovery,MasonChainGuard | Crypto Recovery @mayorfrosh61 · 7m  SCAM ALERT! Your ETH/USDT isn’t safe with #Nildex #Bitarp #Cryptonux!  These crooks are draining wallets!  DM me if you’re affected! #BitWalletBP #CryptoRecovery #CryptoFraud #Web3 #ScamWatch #BTC 7,2025-08-08,08:17:55
PROFIT MAKERRER,PROFIT MAKERRER @SarmadMazhar10 · 7m  https://t.me/ProfitMakerrer   Daily Gold Alerts   Live Charts & Analysis   Stay Updated in the App!  Join here:  https://t.me/ProfitMakerrer  https://t.me/ProfitMakerrer  #GOLD   #FOREX #XAUUSD  #crypto #BTC .hcuisx 10,2025-08-08,08:17:51
Peter Henrique,Peter Henrique @mateenjnre · 7m  Trouble withdrawing from #Swaperio after a purchase? That’s no glitch — it’s a scam.  Act now — stop further losses before it’s too late.  DM for trusted recovery help.  #SwaperScam #CryptoRecovery #CryptoScam #BTC #ETH #Web3Alert #GetHelp #Eurodex #ชายแดนไทยกัมพูชา #Wormdex 15,2025-08-08,08:17:49
PROFIT MAKERRER,PROFIT MAKERRER @SarmadMazhar10 · 7m  https://t.me/ProfitMakerrer   Daily Gold Alerts   Live Charts & Analysis   Stay Updated in the App!  Join here:  https://t.me/ProfitMakerrer  https://t.me/ProfitMakerrer  #GOLD   #FOREX #XAUUSD  #crypto #BTC .hfidd 5,2025-08-08,08:17:47
PROFIT MAKERRER,PROFIT MAKERRER @SarmadMazhar10 · 7m  https://t.me/ProfitMakerrer   Daily Gold Alerts   Live Charts & Analysis   Stay Updated in the App!  Join here:  https://t.me/ProfitMakerrer  https://t.me/ProfitMakerrer  #GOLD   #FOREX #XAUUSD  #crypto #BTC .jfi8xd 9,2025-08-08,08:17:44
PROFIT MAKERRER,PROFIT MAKERRER @SarmadMazhar10 · 7m  https://t.me/ProfitMakerrer   Daily Gold Alerts   Live Charts & Analysis   Stay Updated in the App!  Join here:  https://t.me/ProfitMakerrer  https://t.me/ProfitMakerrer  #GOLD   #FOREX #XAUUSD  #crypto #BTC .udufd 9,2025-08-08,08:17:41
Cameron Aslatt,Cameron Aslatt @Cameron_aslatt · 7m LONG  #POPCAT 25x lev here . Target : 50% - 100%  $SPY $TSLA $NVDA $QQQ $META $COIN $MSTR #BTC $AVGO $GEV $ORCL $ARM $NFLX #FARTCOIN $BTC   Join our Telegram Community Now  https://t.me/+Aa4lwAu80ZI1NmQ0… 1 87,2025-08-08,08:17:34
.blighter,".blighter @xblighter · 7m Fan account #ETH gaining traction right now. Green market in August, red in September. FOMC Meeting in September, Q4 #BTC TOP, altcoins explosion in Nov./Dec., maybe a little bit longer.. Then bear market.  The cycle is always the same, even tho it’s a bit different this time.  #krypto 8",2025-08-08,08:17:30
PROFIT MAKERRER,PROFIT MAKERRER @SarmadMazhar10 · 7m  https://t.me/ProfitMakerrer   Daily Gold Alerts   Live Charts & Analysis   Stay Updated in the App!  Join here:  https://t.me/ProfitMakerrer  https://t.me/ProfitMakerrer  #GOLD   #FOREX #XAUUSD  #crypto #BTC . dog 5,2025-08-08,08:17:25
Alex Bruno,"Alex Bruno @Alexrunoff · 8m #VIP Signal Results    All Take Profit Achieved  Profit: 1,052.31%    Congratulations to all our VIP members!  Join now  https://t.me/Cryptofundtrader_cft…  #TON #CTA #NOT #LAMBO #ONDO #HYPE #BTC #TAO #SPX #SUI #PAXG #ETH #XRP #VIRTUAL #SOL 1 34",2025-08-08,08:17:24
PROFIT MAKERRER,PROFIT MAKERRER @SarmadMazhar10 · 8m  https://t.me/ProfitMakerrer   Daily Gold Alerts   Live Charts & Analysis   Stay Updated in the App!  Join here:  https://t.me/ProfitMakerrer  https://t.me/ProfitMakerrer  #GOLD   #FOREX #XAUUSD  #crypto #BTC .lu ku 10,2025-08-08,08:16:55
PROFIT MAKERRER,PROFIT MAKERRER @SarmadMazhar10 · 8m  https://t.me/ProfitMakerrer   Daily Gold Alerts   Live Charts & Analysis   Stay Updated in the App!  Join here:  https://t.me/ProfitMakerrer  https://t.me/ProfitMakerrer  #GOLD   #FOREX #XAUUSD  #crypto #BTC .0uv9 8,2025-08-08,08:16:43
ボンド. GOLD億トレ,ボンド. GOLD億トレ @yakinikutrader · 8m 何度でも言うが  トレードで爆益狙ってる人は 俺のポスト見た方ええで  まじで少額から億れるぞ  #GOLD #BTC 6 2 46 479,2025-08-08,08:16:41
PROFIT MAKERRER,PROFIT MAKERRER @SarmadMazhar10 · 8m  https://t.me/ProfitMakerrer   Daily Gold Alerts   Live Charts & Analysis   Stay Updated in the App!  Join here:  https://t.me/ProfitMakerrer  https://t.me/ProfitMakerrer  #GOLD   #FOREX #XAUUSD  #crypto #BTC .7f86 6,2025-08-08,08:16:40
humzo,"humzo @humzo · 8m  Spin for a shot at $1M in BTC — totally free!   Sign up now and snag $1,000 instantly.  Bitcoin-winning spins are live — your turn to hit big:  Invitation Code: C9XZBY  https://bitcoinclub.go.link/9o6Sv?referralCode=C9XZBY… #FreeCrypto #BTC #BitcoinClub BitcoinClub lets you win $1 million in Bitcoin! From bitcoinclub.go.link 1",2025-08-08,08:16:39
PROFIT MAKERRER,PROFIT MAKERRER @SarmadMazhar10 · 8m  https://t.me/ProfitMakerrer   Daily Gold Alerts   Live Charts & Analysis   Stay Updated in the App!  Join here:  https://t.me/ProfitMakerrer  https://t.me/ProfitMakerrer  #GOLD   #FOREX #XAUUSD  #crypto #BTC .oufu 13,2025-08-08,08:16:34
るい神社巡り,るい神社巡り @peeee1670 · 8m 自己流でやってきたけど、雅人さんの分析を取り入れてからトレードの再現性が明らかに上がりました  ここまで刺さるのは貴重。  ドル円 #USDJPY ビットコイン #BTC XAUUSD ゴールド リップル ユーロドル 金利 TOPIX Quote 雅人|FXトレーダー×ドル円×ビットコイン×ゴールド分析| @masato_fxtrader · 25m ドル円進捗です！  レンジ相場でどちらも狙える状況です。 目線は引き続き戻り売り狙っていきます Show more 144,2025-08-08,08:16:32
PROFIT MAKERRER,PROFIT MAKERRER @SarmadMazhar10 · 8m  https://t.me/ProfitMakerrer   Daily Gold Alerts   Live Charts & Analysis   Stay Updated in the App!  Join here:  https://t.me/ProfitMakerrer  https://t.me/ProfitMakerrer  #GOLD   #FOREX #XAUUSD  #crypto #BTC .58d75 8,2025-08-08,08:16:30
PROFIT MAKERRER,PROFIT MAKERRER @SarmadMazhar10 · 9m  https://t.me/ProfitMakerrer   Daily Gold Alerts   Live Charts & Analysis   Stay Updated in the App!  Join here:  https://t.me/ProfitMakerrer  https://t.me/ProfitMakerrer  #GOLD   #FOREX #XAUUSD  #crypto #BTC .oyf87 6,2025-08-08,08:16:27
Zoooe,"Zoooe @Timi156991 · 9m #BTC #ETH #BNB #SOL #XRP are all stuck in range-bound hell on  @TradingView  1h charts — Trend Breakout levels holding, Two-Pole Oscillator spilling secrets:  $SOL: Oscillator screaming volatility (beta max, trade the swings).  $ETH: Oscillator flirted with 1 (overbought) → prime Show more 1 50",2025-08-08,08:16:27
PROFIT MAKERRER,PROFIT MAKERRER @SarmadMazhar10 · 9m  https://t.me/ProfitMakerrer   Daily Gold Alerts   Live Charts & Analysis   Stay Updated in the App!  Join here:  https://t.me/ProfitMakerrer  https://t.me/ProfitMakerrer  #GOLD   #FOREX #XAUUSD  #crypto #BTC .iyxoyc 6,2025-08-08,08:16:14
PROFIT MAKERRER,PROFIT MAKERRER @SarmadMazhar10 · 9m  https://t.me/ProfitMakerrer   Daily Gold Alerts   Live Charts & Analysis   Stay Updated in the App!  Join here:  https://t.me/ProfitMakerrer  https://t.me/ProfitMakerrer  #GOLD   #FOREX #XAUUSD  #crypto #BTC .97r9f 7,2025-08-08,08:16:09
PROFIT MAKERRER,PROFIT MAKERRER @SarmadMazhar10 · 9m  https://t.me/ProfitMakerrer   Daily Gold Alerts   Live Charts & Analysis   Stay Updated in the App!  Join here:  https://t.me/ProfitMakerrer  https://t.me/ProfitMakerrer  #GOLD   #FOREX #XAUUSD  #crypto #BTC .8yc9y 9,2025-08-08,08:16:07
PROFIT MAKERRER,PROFIT MAKERRER @SarmadMazhar10 · 9m  https://t.me/ProfitMakerrer   Daily Gold Alerts   Live Charts & Analysis   Stay Updated in the App!  Join here:  https://t.me/ProfitMakerrer  https://t.me/ProfitMakerrer  #GOLD   #FOREX #XAUUSD  #crypto #BTC .98g8 7,2025-08-08,08:16:03
PROFIT MAKERRER,PROFIT MAKERRER @SarmadMazhar10 · 9m  https://t.me/ProfitMakerrer   Daily Gold Alerts   Live Charts & Analysis   Stay Updated in the App!  Join here:  https://t.me/ProfitMakerrer  https://t.me/ProfitMakerrer  #GOLD   #FOREX #XAUUSD  #crypto #BTC .iyf87 7,2025-08-08,08:16:00
Can,"Trader Dayanışma Derneği TDD Can @CanBkrr · 9m #btc bu fikir doğruymuş fakat ben böyle bir işlem taşıyamadım, düşen trend direncine geldik bu bölgenin kırılması şart kırılırsa 120-121k görürüz ama kırılmazsa tekrar alt bölgeye gideriz (günlük grafik) Quote Can @CanBkrr · Aug 5 #btc bu şekilde düşünüyorum, kırmızı kutu beni şaşırtmaz.  1 8 324",2025-08-08,08:15:55
PROFIT MAKERRER,PROFIT MAKERRER @SarmadMazhar10 · 9m  https://t.me/ProfitMakerrer   Daily Gold Alerts   Live Charts & Analysis   Stay Updated in the App!  Join here:  https://t.me/ProfitMakerrer  https://t.me/ProfitMakerrer  #GOLD   #FOREX #XAUUSD  #crypto #BTC .86dx7 6,2025-08-08,08:15:54
PROFIT MAKERRER,PROFIT MAKERRER @SarmadMazhar10 · 9m  https://t.me/ProfitMakerrer   Daily Gold Alerts   Live Charts & Analysis   Stay Updated in the App!  Join here:  https://t.me/ProfitMakerrer  https://t.me/ProfitMakerrer  #GOLD   #FOREX #XAUUSD  #crypto #BTC .oud97 7,2025-08-08,08:15:51
PROFIT MAKERRER,PROFIT MAKERRER @SarmadMazhar10 · 9m  https://t.me/ProfitMakerrer   Daily Gold Alerts   Live Charts & Analysis   Stay Updated in the App!  Join here:  https://t.me/ProfitMakerrer  https://t.me/ProfitMakerrer  #GOLD   #FOREX #XAUUSD  #crypto #BTC .oyd8x 6,2025-08-08,08:15:47
PROFIT MAKERRER,PROFIT MAKERRER @SarmadMazhar10 · 9m  https://t.me/ProfitMakerrer   Daily Gold Alerts   Live Charts & Analysis   Stay Updated in the App!  Join here:  https://t.me/ProfitMakerrer  https://t.me/ProfitMakerrer  #GOLD   #FOREX #XAUUSD  #crypto #BTC .iyf86 1 10,2025-08-08,08:15:45
Market Eagle,Market Eagle @MarketEagles · 9m We are about to find out what this means. #DXY #Gold #BTC Quote Market Eagle @MarketEagles · Mar 10 “The president elected in 2024 will use more of the same that led to the problem in the first place. By doing so the USD loses the ability to drive the economy.”  George Friedman in 2008 about the failing president at the end of a 80 year cycle. 1 219,2025-08-08,08:15:43
Latto,"Latto @plattocw · 9m #otherD güzelleşiyor %7.77 kırılsın artık, #btc kalsın buralarda, biraz altlanalım... elimde şu an çok az #coin var #wld kimlik protokolüm daimi duruyor 5",2025-08-08,08:15:42
PROFIT MAKERRER,PROFIT MAKERRER @SarmadMazhar10 · 10m  https://t.me/ProfitMakerrer   Daily Gold Alerts   Live Charts & Analysis   Stay Updated in the App!  Join here:  https://t.me/ProfitMakerrer  https://t.me/ProfitMakerrer  #GOLD   #FOREX #XAUUSD  #crypto #BTC .yod8 8,2025-08-08,08:15:33
PROFIT MAKERRER,PROFIT MAKERRER @SarmadMazhar10 · 10m  https://t.me/ProfitMakerrer   Daily Gold Alerts   Live Charts & Analysis   Stay Updated in the App!  Join here:  https://t.me/ProfitMakerrer  https://t.me/ProfitMakerrer  #GOLD   #FOREX #XAUUSD  #crypto #BTC .ouf0u 8,2025-08-08,08:15:30
Margarida Barbosa,Margarida Barbosa @margaridaB_9 · 10m  The long-term supply of Bitcoins is $15.63 million #BTC.  Long-term holders currently hold 78.5% of the total supply. Join us  https://t.me/+Y5cTKFKN9Xg3NGQ0… https://t.me/+Y5cTKFKN9Xg3NGQ0…  $PENGU $ENA $CKB $HYPER $SYRUP $BTC $ETH $SOL $XRP $Coins $HYPE $SPX $AVAX $HUMA $SWARMS 49,2025-08-08,08:15:28
miles davis,miles davis @DavisMiles39426 · 10m About time!  Bitcoin is the new American dream. #Bitcoin #BTC Quote Bitcoin Magazine @BitcoinMagazine · 11h America is embracing Bitcoin  6,2025-08-08,08:15:28
イトウさん,イトウさん @softy2839668165 · 10m 感覚だけで負けてた自分が、雅人さんの分析を真似るようになってから少しずつ勝てるように。初心者こそ見るべきだと思う。  ドル円 #USDJPY ビットコイン #BTC XAUUSD ゴールド リップル ユーロドル 金利 TOPIX Quote 雅人|FXトレーダー×ドル円×ビットコイン×ゴールド分析| @masato_fxtrader · 25m ドル円進捗です！  レンジ相場でどちらも狙える状況です。 目線は引き続き戻り売り狙っていきます Show more 143,2025-08-08,08:15:27
PROFIT MAKERRER,PROFIT MAKERRER @SarmadMazhar10 · 10m  https://t.me/ProfitMakerrer   Daily Gold Alerts   Live Charts & Analysis   Stay Updated in the App!  Join here:  https://t.me/ProfitMakerrer  https://t.me/ProfitMakerrer  #GOLD   #FOREX #XAUUSD  #crypto #BTC .oufouv 7,2025-08-08,08:15:27
イトウさん,イトウさん @softy2839668165 · 10m 感覚だけで負けてた自分が、雅人さんの分析を真似るようになってから少しずつ勝てるように。初心者こそ見るべきだと思う。  ドル円 #USDJPY ビットコイン #BTC XAUUSD ゴールド リップル ユーロドル 金利 TOPIX Quote 雅人|FXトレーダー×ドル円×ビットコイン×ゴールド分析| @masato_fxtrader · 25m ドル円進捗です！  レンジ相場でどちらも狙える状況です。 目線は引き続き戻り売り狙っていきます  147.590が非常に強いレジスタンスに。 1時間足・15分足ともに複数回上ヒゲで抑えられている ブレイクできずに反発→失速→反発の繰り返し。  トリプルトップ形成の兆し Show more 143,2025-08-08,08:15:27
CRYPTO VERTEX AI,CRYPTO VERTEX AI @crptovertx_ai · 10m Какая новость 2025 года в «крипте» и DeFi была сильно переоценена и не стоила такого ажиотажа? Разбери её и выиграй участие в 2-месячной практике для начинающих в закрытом инвестклубе с 10-летней историей  #крипта #BTC #SOL #AI #ИИ t.me CRYPTO VERTEX AI Какая новость 2025 года в «крипте» и DeFi была сильно переоценена и не стоила такого ажиотажа? Разбери её и выиграй участие в 2-месячной практике для начинающих в закрытом инвестклубе с 10-летней... 8,2025-08-08,08:15:24
crypto lisa,crypto lisa @cryptolisa33 · 10m FOR MORE CALLS   LINK IN BIO  #VIP_CALL   #CRYPTO #BYBIT  #ETH #BIO #BINANCE   #BTC  #A2Z #ASR  #MYX +20% PROFITS 22,2025-08-08,08:15:23
PROFIT MAKERRER,PROFIT MAKERRER @SarmadMazhar10 · 10m  https://t.me/ProfitMakerrer   Daily Gold Alerts   Live Charts & Analysis   Stay Updated in the App!  Join here:  https://t.me/ProfitMakerrer  https://t.me/ProfitMakerrer  #GOLD   #FOREX #XAUUSD  #crypto #BTC .96f9 10,2025-08-08,08:15:16
PROFIT MAKERRER,PROFIT MAKERRER @SarmadMazhar10 · 10m  https://t.me/ProfitMakerrer   Daily Gold Alerts   Live Charts & Analysis   Stay Updated in the App!  Join here:  https://t.me/ProfitMakerrer  https://t.me/ProfitMakerrer  #GOLD   #FOREX #XAUUSD  #crypto #BTC .68f8f 7,2025-08-08,08:15:14
Educación Financiera y Criptomonedas,"Educación Financiera y Criptomonedas @tallerdeinvers1 · 10m #Bitcoin #btc #btcusd esta lateral alcista  111800  116100  120100  123100  #tothemoon https://youtu.be/ztz0DMC69bc  Entra en https://bitunix.com/act/partner?landingCode=srngmghb… y registrate #BITUNIX  https://bitunix.com/register?vipCode=G6p3… #BITCOIN #crypto #trading #solana #usd #nft #crypto #tether #usdt #ripple Crypto Derivatives Exchange | Buy, Sell & Trade Cryptocurrency | Bitunix From bitunix.com 1 18",2025-08-08,08:15:11
PROFIT MAKERRER,PROFIT MAKERRER @SarmadMazhar10 · 10m  https://t.me/ProfitMakerrer   Daily Gold Alerts   Live Charts & Analysis   Stay Updated in the App!  Join here:  https://t.me/ProfitMakerrer  https://t.me/ProfitMakerrer  #GOLD   #FOREX #XAUUSD  #crypto #BTC .iycy 7,2025-08-08,08:15:10
Albert Matty Crypto Expert,"Albert Matty Crypto Expert @albert_matt3 · 10m  #Swaper, #tradecage, #Virodex, #Noxsa, #extobit, #icedswap, #worex, #exmaxi — all confirmed scams. If they’re blocking your crypto, message me immediately. #CryptoScam #CryptoAlert #Solana #Paobc #BTC 10",2025-08-08,08:15:05
PROFIT MAKERRER,PROFIT MAKERRER @SarmadMazhar10 · 10m  https://t.me/ProfitMakerrer   Daily Gold Alerts   Live Charts & Analysis   Stay Updated in the App!  Join here:  https://t.me/ProfitMakerrer  https://t.me/ProfitMakerrer  #GOLD   #FOREX #XAUUSD  #crypto #BTC .9f86g 5,2025-08-08,08:15:04
PROFIT MAKERRER,PROFIT MAKERRER @SarmadMazhar10 · 10m  https://t.me/ProfitMakerrer   Daily Gold Alerts   Live Charts & Analysis   Stay Updated in the App!  Join here:  https://t.me/ProfitMakerrer  https://t.me/ProfitMakerrer  #GOLD   #FOREX #XAUUSD  #crypto #BTC .8td85 6,2025-08-08,08:15:01
Educación Financiera y Criptomonedas,"Educación Financiera y Criptomonedas @tallerdeinvers1 · 10m #Bitcoin #btc #btcusd esta lateral alcista  111800  116100  120100  1231000  #tothemoon https://youtu.be/ztz0DMC69bc  Entra en https://bitunix.com/act/partner?landingCode=srngmghb… y registrate #BITUNIX  https://bitunix.com/register?vipCode=G6p3… #BITCOIN #crypto #trading #solana #usd #nft #crypto #tether #usdt #ripple Crypto Derivatives Exchange | Buy, Sell & Trade Cryptocurrency | Bitunix From bitunix.com 1 19",2025-08-08,08:14:57
smith Steve,"smith Steve @smith_steve9 · 10m  Trapped in the #TradeCage scam? Fake profits, locked accounts — you’re not alone.  DM now for trusted crypto recovery support.  #CryptoRecovery #BTC #Nebumine #Crpobase #bitsorcoinsa #Swaper #QuantumXF #XTrustEX #TPMTPO #LSSC #XRPmarkets #Kertexcoin #Cryptionex 1",2025-08-08,08:14:55
Filipe Adalberto,Filipe Adalberto @filipeAdalbert · 10m 0.37$ ——> 1.2$  300% gain on $COW   Now again it fall back to my entry 0.37$  Will it hit 1$ again ?   #bitcoin  #crypto #btc #eth #altcoin #trading #signal #memecoin #forex #xau #investing #gold #blockchain #COW 23,2025-08-08,08:14:51
PROFIT MAKERRER,PROFIT MAKERRER @SarmadMazhar10 · 10m  https://t.me/ProfitMakerrer   Daily Gold Alerts   Live Charts & Analysis   Stay Updated in the App!  Join here:  https://t.me/ProfitMakerrer  https://t.me/ProfitMakerrer  #GOLD   #FOREX #XAUUSD  #crypto #BTC .oud9 5,2025-08-08,08:14:49
PROFIT MAKERRER,PROFIT MAKERRER @SarmadMazhar10 · 10m  https://t.me/ProfitMakerrer   Daily Gold Alerts   Live Charts & Analysis   Stay Updated in the App!  Join here:  https://t.me/ProfitMakerrer  https://t.me/ProfitMakerrer  #GOLD   #FOREX #XAUUSD  #crypto #BTC .kyd96 7,2025-08-08,08:14:45
PROFIT MAKERRER,PROFIT MAKERRER @SarmadMazhar10 · 10m  https://t.me/ProfitMakerrer   Daily Gold Alerts   Live Charts & Analysis   Stay Updated in the App!  Join here:  https://t.me/ProfitMakerrer  https://t.me/ProfitMakerrer  #GOLD   #FOREX #XAUUSD  #crypto #BTC .iyd9 6,2025-08-08,08:14:42
PROFIT MAKERRER,PROFIT MAKERRER @SarmadMazhar10 · 11m  https://t.me/ProfitMakerrer   Daily Gold Alerts   Live Charts & Analysis   Stay Updated in the App!  Join here:  https://t.me/ProfitMakerrer  https://t.me/ProfitMakerrer  #GOLD   #FOREX #XAUUSD  #crypto #BTC .96d97 6,2025-08-08,08:14:39
PROFIT MAKERRER,PROFIT MAKERRER @SarmadMazhar10 · 11m  https://t.me/ProfitMakerrer   Daily Gold Alerts   Live Charts & Analysis   Stay Updated in the App!  Join here:  https://t.me/ProfitMakerrer  https://t.me/ProfitMakerrer  #GOLD   #FOREX #XAUUSD  #crypto #BTC .7f97 6,2025-08-08,08:14:35
Ekonomikoçu,"Ekonomikoçu @ekonomikocu · 11m Replying to  @ekonomikocu #BTC kripto piyasası için eskiden büyük bir göstergeydi.  O yükseliyorsa insanlar piyasaya girer, para kazanırdı.  Ama son yıllarda öyle olmadı #BTC yükseldi ama genel piyasa gitmedi.  Yani ABD #Etf ler ile onu besledi ve kripto piyasasına para çekti..  Bu para çekme enflasyonu Show more 1 1 48 2.1K",2025-08-08,08:14:32
Jacek 𐤊,Jacek 𐤊 @Jacek61227463 · 11m Who sold it to them? Can anyone explain this? A 17 billion dollar deal? #BTC #bitcoin #Kaspa 26,2025-08-08,08:14:31
Margarida Barbosa,Margarida Barbosa @margaridaB_9 · 11m $MYX  Short Entry: 1.55  TP: 1.45 1.35 1.25  SL: 1.78  Join us  https://t.me/+Y5cTKFKN9Xg3NGQ0…  $PENGU $ENA $CKB $HYPER $SYRUP $BTC $ETH $SOL $XRP  $SWARMS $VINE $POPCAT  #bitcoin #crypto #btc #eth #altcoin #trading #signal #memecoin #forex #xau #investing #MYXUSDT t.me Join group chat on Telegram 144,2025-08-08,08:14:30
PROFIT MAKERRER,PROFIT MAKERRER @SarmadMazhar10 · 11m  https://t.me/ProfitMakerrer   Daily Gold Alerts   Live Charts & Analysis   Stay Updated in the App!  Join here:  https://t.me/ProfitMakerrer  https://t.me/ProfitMakerrer  #GOLD   #FOREX #XAUUSD  #crypto #BTC . our 6 5,2025-08-08,08:14:29
Dereck,Dereck @Dereck1549 · 11m $BTC / $USD - Update   Plan of action on #Bitcoin   $SPY $TSLA $NVDA $QQQ $META $COIN $MSTR #BTC $AVGO $GEV $ORCL $ARM $NFLX #BTC 1 108,2025-08-08,08:14:26
PROFIT MAKERRER,PROFIT MAKERRER @SarmadMazhar10 · 11m  https://t.me/ProfitMakerrer   Daily Gold Alerts   Live Charts & Analysis   Stay Updated in the App!  Join here:  https://t.me/ProfitMakerrer  https://t.me/ProfitMakerrer  #GOLD   #FOREX #XAUUSD  #crypto #BTC .68e 4,2025-08-08,08:14:26
Dereck,Dereck @Dereck1549 · 11m 0.37$ ——> 1.2$  300% gain on $COW   Now again it fall back to my entry 0.37$  Will it hit 1$ again ?   #bitcoin  #crypto #btc #eth #altcoin #trading #signal #memecoin #forex #xau #investing #gold #blockchain #COW 20,2025-08-08,08:14:24
주식-BOT,주식-BOT @TtwStockBot · 11m 주말에 만들게 실시간 누적 합산금액이랑 나오는 서비스로다가 텔레그램은 저것만 보잉게 ㅋㅋ  #thdtjsdn #message #주식 #NASDAQ #BTC 10,2025-08-08,08:14:15
Filipe Adalberto,Filipe Adalberto @filipeAdalbert · 11m $BTC / $USD - Update   Plan of action on #Bitcoin   $SPY $TSLA $NVDA $QQQ $META $COIN $MSTR #BTC $AVGO $GEV $ORCL $ARM $NFLX #BTC  Join our telegram community   https://t.me/+VsOsMdCwce1lMTRk… 90,2025-08-08,08:14:13
Khalifa,"Khalifa @Khalifa_Charts · 11m $UBER Moving up, probably see a retest of highs soon.  Follow us on Telegram for FREE instant Crypto Signals https://t.me/+_xuGW0qrHQY2MjY0…  $SPY $TSLA $NVDA $QQQ $META $COIN $MSTR #BTC $AVGO $GEV $ORCL $ARM $NFLX #CLANKER 87",2025-08-08,08:14:13
Margarida Barbosa,Margarida Barbosa @margaridaB_9 · 11m $DMC Long ENTRY 0.00585-0.00574  tP:  0.00595 0.00610 0.00628  SL: 0.005616  Join us  https://t.me/+Y5cTKFKN9Xg3NGQ0…  $PENGU $ENA $CKB $HYPER $SYRUP $BTC $ETH $SOL $XRP  $SWARMS   #bitcoin  #crypto #btc #eth #altcoin #trading #signal #memecoin #investing #DMCUSDT t.me Join group chat on Telegram 1 85,2025-08-08,08:14:10
PROFIT MAKERRER,PROFIT MAKERRER @SarmadMazhar10 · 11m  https://t.me/ProfitMakerrer   Daily Gold Alerts   Live Charts & Analysis   Stay Updated in the App!  Join here:  https://t.me/ProfitMakerrer  https://t.me/ProfitMakerrer  #GOLD   #FOREX #XAUUSD  #crypto #BTC .9ud86 1 6,2025-08-08,08:14:06
開運鬼龍 BYBIT【KAIUN】BITGET【h1qb】MEXC【1aXc9】,"開運鬼龍 BYBIT【KAIUN】BITGET【h1qb】MEXC【1aXc9】 @kaiun69 · 11m 【新規も既存も全員対象】  デリバティブ取引で取引高を積めば  最大1,000USDTのボーナス  参加登録をお忘れなく  詳細： https://partner.zoomex.com/kaiun0801  #ZOOMEX 新規登録はコチラ 招待コードをどうぞ【KAIUN】 http://partner.zoomex.com/kaiun  開運鬼龍#BTC 3 168",2025-08-08,08:14:06
PROFIT MAKERRER,PROFIT MAKERRER @SarmadMazhar10 · 11m  https://t.me/ProfitMakerrer   Daily Gold Alerts   Live Charts & Analysis   Stay Updated in the App!  Join here:  https://t.me/ProfitMakerrer  https://t.me/ProfitMakerrer  #GOLD   #FOREX #XAUUSD  #crypto #BTC .ohcih 1 7,2025-08-08,08:14:03
PROFIT MAKERRER,PROFIT MAKERRER @SarmadMazhar10 · 11m  https://t.me/ProfitMakerrer   Daily Gold Alerts   Live Charts & Analysis   Stay Updated in the App!  Join here:  https://t.me/ProfitMakerrer  https://t.me/ProfitMakerrer  #GOLD   #FOREX #XAUUSD  #crypto #BTC .ufuvs 1 5,2025-08-08,08:14:00
cryptohenry,cryptohenry @cryptohenry001 · 11m Right time with right strategy  #MYXUSDT LONG Target 01 hit +20%    For more live trades  LINK IN PROFILE  #A2Z #CRYPTO #BTC #ETH #BYBIT #BINANCE   #BIO #ASR 1 21,2025-08-08,08:13:58
TokenTide,TokenTide @TokenTideCrypto · 11m #Crypto market is WILD in 2025!  Are you bullish on #BTC or betting on altcoins?   Tell us your predictions!    #Cryptocurrency $ETH $XRP $SOL GIF 1 3 50,2025-08-08,08:13:58
PROFIT MAKERRER,PROFIT MAKERRER @SarmadMazhar10 · 11m  https://t.me/ProfitMakerrer   Daily Gold Alerts   Live Charts & Analysis   Stay Updated in the App!  Join here:  https://t.me/ProfitMakerrer  https://t.me/ProfitMakerrer  #GOLD   #FOREX #XAUUSD  #crypto #BTC .865 1 6,2025-08-08,08:13:56
PROFIT MAKERRER,PROFIT MAKERRER @SarmadMazhar10 · 11m  https://t.me/ProfitMakerrer   Daily Gold Alerts   Live Charts & Analysis   Stay Updated in the App!  Join here:  https://t.me/ProfitMakerrer  https://t.me/ProfitMakerrer  #GOLD   #FOREX #XAUUSD  #crypto #BTC .iyx8y 1 5,2025-08-08,08:13:52
Dereck,Dereck @Dereck1549 · 12m $ETH almost hit 4K$   Exactly followed my pattern   100% Accuracy   #bitcoin  #crypto #btc #eth #altcoin #trading #signal #memecoin #forex #xau #investing #gold #blockchain $ETH  #ETH 1 2 24,2025-08-08,08:13:46
Lauti,Lauti @der_lauti · 12m Packt der #Bitcoin es am Wochenende nach oben raus? oder doch erst noch mal runter zur 111k #BTC 1 7,2025-08-08,08:13:45
kokomi,kokomi @no91470 · 12m 149.52で反転確認して即S 148.83決済＋69 pips、指値だけで勝てたのは神 ドル円 ゴールド XAUUSD 為替介入 CPI 日経平均 ビットコイン イーサリアム エヌビディア メタプラネット #BTC Quote 竹内圭【ドル円分析】 @keitakeuchi0807 · 4h 8月8日、お盆前のドル円を簡単解説！  ◎エントリー目安 売り狙い：147.3付近 SL：147.4抜け TP：146.6 部分利確候補  【ファンダ整理】  ー結局は金利で動く相場状況ー  まず今の相場は結局金利次第で動く形です。 Show more 207,2025-08-08,08:13:44
HaleCripto,HaleCripto @HaleCrypt · 12m $SAND Long Entry: 0.2848   Tp: 0.2892 0.2935  SL: 0.2825  PM ME TO JOIN VIP AND INVEST: http://t.me/HaleCrypto  #bitcoin  #crypto #btc #eth #altcoin #trading #signal #memecoin #forex #xau #investing #gold #blockchain #SANDUSDT Quote HaleCripto @HaleCrypt · 6h $SAND Long Entry: 0.2848   Tp: 0.2892 0.2935 0.2985  SL: 0.2825   PM ME TO JOIN VIP AND INVEST:  2 60,2025-08-08,08:13:43
PROFIT MAKERRER,PROFIT MAKERRER @SarmadMazhar10 · 12m  https://t.me/ProfitMakerrer   Daily Gold Alerts   Live Charts & Analysis   Stay Updated in the App!  Join here:  https://t.me/ProfitMakerrer  https://t.me/ProfitMakerrer  #GOLD   #FOREX #XAUUSD  #crypto #BTC .upf9 1 6,2025-08-08,08:13:42
PROFIT MAKERRER,PROFIT MAKERRER @SarmadMazhar10 · 12m  https://t.me/ProfitMakerrer   Daily Gold Alerts   Live Charts & Analysis   Stay Updated in the App!  Join here:  https://t.me/ProfitMakerrer  https://t.me/ProfitMakerrer  #GOLD   #FOREX #XAUUSD  #crypto #BTC .8ys5 1 8,2025-08-08,08:13:37
coinclub,"coinclub @hakikicoinclub · 12m günaydın güzel ülkemin ceylan avcıları, dün sabah hacimden bahsetmiştik, güzel hacim ve trump ın haberleri piyasayı hareketlendirdi, temkini elden bırakmayın, boğa paylaşanları siktir edin, anlık yükseliş düşüşlerden kar alın. #btc #eth #kriptopara 13",2025-08-08,08:13:32
TheBitMedia,TheBitMedia @TheBitMedia_com · 12m Making token unlock gradually will affect the price in long way if growth won't counter effect the selling pressure of unlock tokens which is always happens in starting days and unlock schedule always happens in starting days  #ALTSEASON #btc #crypto #bitcoin #ethereum 1 1 14,2025-08-08,08:13:31
PROFIT MAKERRER,PROFIT MAKERRER @SarmadMazhar10 · 12m  https://t.me/ProfitMakerrer   Daily Gold Alerts   Live Charts & Analysis   Stay Updated in the App!  Join here:  https://t.me/ProfitMakerrer  https://t.me/ProfitMakerrer  #GOLD   #FOREX #XAUUSD  #crypto #BTC .86d8g 1 10,2025-08-08,08:13:28
開運鬼龍 BYBIT【KAIUN】BITGET【h1qb】MEXC【1aXc9】,"開運鬼龍 BYBIT【KAIUN】BITGET【h1qb】MEXC【1aXc9】 @kaiun69 · 12m 【最大1,000 $USDT がもらえる】  チャンス到来  ただ取引するだけでOKな超シンプルキャンペーン  今すぐ参加して取引高を積んでボーナスを狙え  詳細： https://partner.zoomex.com/kaiun0801  #ZOOMEX 新規登録はコチラ 招待コードをどうぞ【KAIUN】 http://partner.zoomex.com/kaiun  開運鬼龍#BTC 3 185",2025-08-08,08:13:26
PROFIT MAKERRER,PROFIT MAKERRER @SarmadMazhar10 · 12m  https://t.me/ProfitMakerrer   Daily Gold Alerts   Live Charts & Analysis   Stay Updated in the App!  Join here:  https://t.me/ProfitMakerrer  https://t.me/ProfitMakerrer  #GOLD   #FOREX #XAUUSD  #crypto #BTC .9ud9f 1 12,2025-08-08,08:13:24
Megalodon Avcısı,"Megalodon Avcısı @ysbrynchannel · 12m $Rose coin için , bi elleri http://görelim.Party alanı hazır , oynamayı bilmeyen apache almıyoruz :) Zorlaya zorlaya top10 zirveye oturur mu ?   #Bitcoin #btc GIF 20",2025-08-08,08:13:23
PROFIT MAKERRER,PROFIT MAKERRER @SarmadMazhar10 · 12m  https://t.me/ProfitMakerrer   Daily Gold Alerts   Live Charts & Analysis   Stay Updated in the App!  Join here:  https://t.me/ProfitMakerrer  https://t.me/ProfitMakerrer  #GOLD   #FOREX #XAUUSD  #crypto #BTC . 6f 6g 1 7,2025-08-08,08:13:21
PROFIT MAKERRER,PROFIT MAKERRER @SarmadMazhar10 · 12m  https://t.me/ProfitMakerrer   Daily Gold Alerts   Live Charts & Analysis   Stay Updated in the App!  Join here:  https://t.me/ProfitMakerrer  https://t.me/ProfitMakerrer  #GOLD   #FOREX #XAUUSD  #crypto #BTC .97v9 1 6,2025-08-08,08:13:18
PROFIT MAKERRER,PROFIT MAKERRER @SarmadMazhar10 · 12m  https://t.me/ProfitMakerrer   Daily Gold Alerts   Live Charts & Analysis   Stay Updated in the App!  Join here:  https://t.me/ProfitMakerrer  https://t.me/ProfitMakerrer  #GOLD   #FOREX #XAUUSD  #crypto #BTC .8yx8f 1 7,2025-08-08,08:13:12
CryptoLab,CryptoLab @crypto_thinktk · 12m Winklevoss Twins Inject Bitcoin Into Trump-Linked Mining Venture https://bitcoinist.com/winklevoss-twins-inject-bitcoin-into-trump-linked-mining-venture/… #BTC #cryptotoken #altcoin Winklevoss Twins Inject Bitcoin Into Trump-Linked Mining Venture From bitcoinist.com 7,2025-08-08,08:13:08
jed,jed @AndersonSh5657 · 12m Best Sports Bet 2025  １ Stake https://tgr.jp/stake  ２ Roobet https://tgr.jp/roobet  ３ Gamdom https://tgr.jp/gamdom  ４ BCgame https://tgr.jp/bcgame  ５ Shuffle https://tgr.jp/shuffle  #crypto #bitcoin #ripple #ethereum #btc #freepicks 5917811 1 14,2025-08-08,08:13:05
PROFIT MAKERRER,PROFIT MAKERRER @SarmadMazhar10 · 12m  https://t.me/ProfitMakerrer   Daily Gold Alerts   Live Charts & Analysis   Stay Updated in the App!  Join here:  https://t.me/ProfitMakerrer  https://t.me/ProfitMakerrer  #GOLD   #FOREX #XAUUSD  #crypto #BTC .8yff8 7,2025-08-08,08:13:02
足利,足利 @Kl0sTii · 13m エントリーポイントの考え方が完全に変わった。雅人さんの分析に出会ってから、勝てるトレードが増えた。これは全FX民に届いてほしい。  ドル円 #USDJPY ビットコイン #BTC XAUUSD ゴールド リップル ユーロドル 金利 TOPIX Quote 雅人|FXトレーダー×ドル円×ビットコイン×ゴールド分析| @masato_fxtrader · 25m ドル円進捗です！  レンジ相場でどちらも狙える状況です。 目線は引き続き戻り売り狙っていきます  147.590が非常に強いレジスタンスに。 1時間足・15分足ともに複数回上ヒゲで抑えられている ブレイクできずに反発→失速→反発の繰り返し。  トリプルトップ形成の兆し Show more 200,2025-08-08,08:12:53
주식-BOT,주식-BOT @TtwStockBot · 13m 나도 잘묵어브럿는딩 ㅋㅋ #thdtjsdn #message #주식 #NASDAQ #BTC 11,2025-08-08,08:12:51
Rocky,"Rocky @Rocky_Bitcoin · 13m 不容易啊，当年我最看好的项目 #XRP ，因为SEC一纸诉讼，就被耽误了4年之久！如今正式结束了！  而且拿到了贝莱德的支持，诉讼结束后，贝莱德将会提交 #XRP ETF申请！  从此以后我的首页简介将会多一只长线币：#XRP(目前是：#BTC #SOL #TAO) Quote Nate Geraci @NateGeraci · 8h Yes, I think BlackRock was waiting to see this before filing for iShares XRP ETF…  I’ll own it if I’m wrong.  IMO, makes *zero* sense for them to ignore crypto assets beyond btc & eth.  Otherwise, they’re basically saying btc & eth are only ones that will ever have value. Bold. 7 8 1.5K",2025-08-08,08:12:48
PROFIT MAKERRER,PROFIT MAKERRER @SarmadMazhar10 · 13m  https://t.me/ProfitMakerrer   Daily Gold Alerts   Live Charts & Analysis   Stay Updated in the App!  Join here:  https://t.me/ProfitMakerrer  https://t.me/ProfitMakerrer  #GOLD   #FOREX #XAUUSD  #crypto #BTC .ohc9u 1 12,2025-08-08,08:12:41
PROFIT MAKERRER,PROFIT MAKERRER @SarmadMazhar10 · 13m  https://t.me/ProfitMakerrer   Daily Gold Alerts   Live Charts & Analysis   Stay Updated in the App!  Join here:  https://t.me/ProfitMakerrer  https://t.me/ProfitMakerrer  #GOLD   #FOREX #XAUUSD  #crypto #BTC .7du7bs 1 12,2025-08-08,08:12:36
PROFIT MAKERRER,PROFIT MAKERRER @SarmadMazhar10 · 13m  https://t.me/ProfitMakerrer   Daily Gold Alerts   Live Charts & Analysis   Stay Updated in the App!  Join here:  https://t.me/ProfitMakerrer  https://t.me/ProfitMakerrer  #GOLD   #FOREX #XAUUSD  #crypto #BTC .yruubd 1 12,2025-08-08,08:12:33
주식-BOT,주식-BOT @TtwStockBot · 13m 딸바는 일봉이 멱살이였잖아 ㅎㅎ 멱살잡이 다음한 항상 나올수밖에 없는 음봉 #thdtjsdn #message #주식 #NASDAQ #BTC 9,2025-08-08,08:12:27
PROFIT MAKERRER,PROFIT MAKERRER @SarmadMazhar10 · 13m  https://t.me/ProfitMakerrer   Daily Gold Alerts   Live Charts & Analysis   Stay Updated in the App!  Join here:  https://t.me/ProfitMakerrer  https://t.me/ProfitMakerrer  #GOLD   #FOREX #XAUUSD  #crypto #BTC .iyc97v 1 14,2025-08-08,08:12:21
RevolutionVerte,RevolutionVerte @LeadsHibiscus · 13m Blogue immobilier France et international: Les atouts du viager https://kikori.fr/p/le-viager.html?spref=tw…   #France #Marketing #MarketingStrategy #marketingagency #MarketingSuccess #marketingtips #immobilier #immeuble #CGPI #viager #viageriste #rente #DUH #senior #retraite #revenus #financier #BTC 4,2025-08-08,08:12:16
Peter Henrique,"Peter Henrique @mateenjnre · 13m Lost crypto on #Exmaxi or #Kertexcoin? Don’t lose hope—recovery is still possible if you act fast. DM now for expert, no-upfront-fee assistance to get your funds back.  #CryptoRecovery #CryptoScam #BitWalletBP #BTC #Blockchain #Crypto #XRP #Investing #CryptoNews #LibertyCoin 1 56",2025-08-08,08:12:15
PROFIT MAKERRER,PROFIT MAKERRER @SarmadMazhar10 · 13m  https://t.me/ProfitMakerrer   Daily Gold Alerts   Live Charts & Analysis   Stay Updated in the App!  Join here:  https://t.me/ProfitMakerrer  https://t.me/ProfitMakerrer  #GOLD   #FOREX #XAUUSD  #crypto #BTC .68fc6 1 15,2025-08-08,08:12:14
PROFIT MAKERRER,PROFIT MAKERRER @SarmadMazhar10 · 13m  https://t.me/ProfitMakerrer   Daily Gold Alerts   Live Charts & Analysis   Stay Updated in the App!  Join here:  https://t.me/ProfitMakerrer  https://t.me/ProfitMakerrer  #GOLD   #FOREX #XAUUSD  #crypto #BTC .0uf0g7 1 14,2025-08-08,08:12:11
Rekt,Rekt @MarketRekt · 13m Liquidated Short On DOGE-USDT-SWAP Buy $288.84K @ $0.22781 #cryptocurrency #blockchain #ethereum #btc #forex #trading #money #cryptotrading #stock 16,2025-08-08,08:12:11
PROFIT MAKERRER,PROFIT MAKERRER @SarmadMazhar10 · 13m  https://t.me/ProfitMakerrer   Daily Gold Alerts   Live Charts & Analysis   Stay Updated in the App!  Join here:  https://t.me/ProfitMakerrer  https://t.me/ProfitMakerrer  #GOLD   #FOREX #XAUUSD  #crypto #BTC .ff 1 13,2025-08-08,08:12:08
PROFIT MAKERRER,PROFIT MAKERRER @SarmadMazhar10 · 13m  https://t.me/ProfitMakerrer   Daily Gold Alerts   Live Charts & Analysis   Stay Updated in the App!  Join here:  https://t.me/ProfitMakerrer  https://t.me/ProfitMakerrer  #GOLD   #FOREX #XAUUSD  #crypto #BTC .9c96 1 14,2025-08-08,08:12:05
PROFIT MAKERRER,PROFIT MAKERRER @SarmadMazhar10 · 13m  https://t.me/ProfitMakerrer   Daily Gold Alerts   Live Charts & Analysis   Stay Updated in the App!  Join here:  https://t.me/ProfitMakerrer  https://t.me/ProfitMakerrer  #GOLD   #FOREX #XAUUSD  #crypto #BTC .75d8f 1 12,2025-08-08,08:12:02
UNLIMFAREL | COSMOS | ATOM,UNLIMFAREL | COSMOS | ATOM @Farel_HS · 14m GM WORLD  Pause for a moment and take a deep breath. Remember who you are and why you are here.  #gm #crypto #btc #ETH GIF 1 13,2025-08-08,08:11:57
PROFIT MAKERRER,PROFIT MAKERRER @SarmadMazhar10 · 14m  https://t.me/ProfitMakerrer   Daily Gold Alerts   Live Charts & Analysis   Stay Updated in the App!  Join here:  https://t.me/ProfitMakerrer  https://t.me/ProfitMakerrer  #GOLD   #FOREX #XAUUSD  #crypto #BTC .f97 1 13,2025-08-08,08:11:54
PROFIT MAKERRER,PROFIT MAKERRER @SarmadMazhar10 · 14m  https://t.me/ProfitMakerrer   Daily Gold Alerts   Live Charts & Analysis   Stay Updated in the App!  Join here:  https://t.me/ProfitMakerrer  https://t.me/ProfitMakerrer  #GOLD   #FOREX #XAUUSD  #crypto #BTC .96r9 1 6,2025-08-08,08:11:47
PROFIT MAKERRER,PROFIT MAKERRER @SarmadMazhar10 · 14m  https://t.me/ProfitMakerrer   Daily Gold Alerts   Live Charts & Analysis   Stay Updated in the App!  Join here:  https://t.me/ProfitMakerrer  https://t.me/ProfitMakerrer  #GOLD   #FOREX #XAUUSD  #crypto #BTC .o6d86 1 6,2025-08-08,08:11:44
PROFIT MAKERRER,PROFIT MAKERRER @SarmadMazhar10 · 14m  https://t.me/ProfitMakerrer   Daily Gold Alerts   Live Charts & Analysis   Stay Updated in the App!  Join here:  https://t.me/ProfitMakerrer  https://t.me/ProfitMakerrer  #GOLD   #FOREX #XAUUSD  #crypto #BTC .75d8f 1 12,2025-08-08,08:12:02
PROFIT MAKERRER,PROFIT MAKERRER @SarmadMazhar10 · 14m  https://t.me/ProfitMakerrer   Daily Gold Alerts   Live Charts & Analysis   Stay Updated in the App!  Join here:  https://t.me/ProfitMakerrer  https://t.me/ProfitMakerrer  #GOLD   #FOREX #XAUUSD  #crypto #BTC .86d9f 1 6,2025-08-08,08:11:39
THE TRADES,THE TRADES @TGrayson4408 · 14m Replying to  @TGrayson4408 #bitcoin  #crypto #btc #eth #altcoin #trading #signal #memecoin #forex #xau #investing #gold #blockchain #ETH $ETH #HYPE $HYPE #ETH $ETHjoin our telegram community click below  https://t.me/+2FUDsLK0P7g5Y2Y8… 1 1 23,2025-08-08,08:11:38
CRYPTOFY,"CRYPTOFY @cryptofy01 · 14m Most interactions are power plays in disguise, arguments, apologies, even kindness often come with hidden agendas. Once you see the game, stop reacting.  Observe. Detach. Move smarter.  #BTC $BTC #XRP $XRP #ETH $ETH $BNB #BNB #SOL $SOL $SUI #SUI #crypto #bitcoin $DADDY #GOLD Show more 1 87",2025-08-08,08:11:38
PROFIT MAKERRER,PROFIT MAKERRER @SarmadMazhar10 · 14m  https://t.me/ProfitMakerrer   Daily Gold Alerts   Live Charts & Analysis   Stay Updated in the App!  Join here:  https://t.me/ProfitMakerrer  https://t.me/ProfitMakerrer  #GOLD   #FOREX #XAUUSD  #crypto #BTC .8yd 7,2025-08-08,08:11:34
PROFIT MAKERRER,PROFIT MAKERRER @SarmadMazhar10 · 14m  https://t.me/ProfitMakerrer   Daily Gold Alerts   Live Charts & Analysis   Stay Updated in the App!  Join here:  https://t.me/ProfitMakerrer  https://t.me/ProfitMakerrer  #GOLD   #FOREX #XAUUSD  #crypto #BTC .97f87 6,2025-08-08,08:11:28
PROFIT MAKERRER,PROFIT MAKERRER @SarmadMazhar10 · 14m  https://t.me/ProfitMakerrer   Daily Gold Alerts   Live Charts & Analysis   Stay Updated in the App!  Join here:  https://t.me/ProfitMakerrer  https://t.me/ProfitMakerrer  #GOLD   #FOREX #XAUUSD  #crypto #BTC .86d85 7,2025-08-08,08:11:24
PROFIT MAKERRER,PROFIT MAKERRER @SarmadMazhar10 · 14m  https://t.me/ProfitMakerrer   Daily Gold Alerts   Live Charts & Analysis   Stay Updated in the App!  Join here:  https://t.me/ProfitMakerrer  https://t.me/ProfitMakerrer  #GOLD   #FOREX #XAUUSD  #crypto #BTC .7ts6 9,2025-08-08,08:11:21
THE TRADES,THE TRADES @TGrayson4408 · 14m Replying to  @TGrayson4408 #bitcoin  #crypto #btc #eth #altcoin #trading #signal #memecoin #forex #xau #investing #gold #blockchain #ETH $ETH #HYPE $HYPE #ETH $ETHjoin our telegram community click below  https://t.me/+2FUDsLK0P7g5Y2Y8… 1 30,2025-08-08,08:11:15
PROFIT MAKERRER,PROFIT MAKERRER @SarmadMazhar10 · 14m  https://t.me/ProfitMakerrer   Daily Gold Alerts   Live Charts & Analysis   Stay Updated in the App!  Join here:  https://t.me/ProfitMakerrer  https://t.me/ProfitMakerrer  #GOLD   #FOREX #XAUUSD  #crypto #BTC .96f5 9,2025-08-08,08:11:15
PROFIT MAKERRER,PROFIT MAKERRER @SarmadMazhar10 · 14m  https://t.me/ProfitMakerrer   Daily Gold Alerts   Live Charts & Analysis   Stay Updated in the App!  Join here:  https://t.me/ProfitMakerrer  https://t.me/ProfitMakerrer  #GOLD   #FOREX #XAUUSD  #crypto #BTC .97d9f 9,2025-08-08,08:11:12
PROFIT MAKERRER,PROFIT MAKERRER @SarmadMazhar10 · 14m  https://t.me/ProfitMakerrer   Daily Gold Alerts   Live Charts & Analysis   Stay Updated in the App!  Join here:  https://t.me/ProfitMakerrer  https://t.me/ProfitMakerrer  #GOLD   #FOREX #XAUUSD  #crypto #BTC .oyc9c 9,2025-08-08,08:11:06
PROFIT MAKERRER,PROFIT MAKERRER @SarmadMazhar10 · 15m  https://t.me/ProfitMakerrer   Daily Gold Alerts   Live Charts & Analysis   Stay Updated in the App!  Join here:  https://t.me/ProfitMakerrer  https://t.me/ProfitMakerrer  #GOLD   #FOREX #XAUUSD  #crypto #BTC .its7 9,2025-08-08,08:11:03
WalletD,WalletD @walletd_sdk · 15m Trump Media just bought $2 billion of BTC. The halving cycle might’ve just met its match. Don’t fight the Fed? Try: Don’t fight the President  https://buff.ly/vYNCiNF #Crypto #Bitcoin #Ethereum #BTC #ETH #Blockchain #Cryptocurrency #CryptoNews #CryptoTrading #DeFi #Altcoins #Web3 23,2025-08-08,08:11:03
𝗛𝗔𝗥𝗥𝗬,"𝗛𝗔𝗥𝗥𝗬 @0XHarry0X · 15m Replying to  @Defimark7  and  @PortaltoBitcoin @PortaltoBitcoin  is really unlocking true Bitcoin in #DeFi with native access, no custody risk, and full cross-chain control.  Abd this is the kind of leap that makes #BTC finally feel at home in decentralized finance. 17",2025-08-08,08:11:00
Diana Mugo,Diana Mugo @Deynjiru · 15m How about I do that then monthly unaniwekea $10k in #BTC for two years. Ukimaliza kulipa deni tuachane Quote Threemen @that_guy_collo · 24m Nataka tu dem atanishikia funded account ya $100k nimuoe. 2 1 90,2025-08-08,08:11:00
PROFIT MAKERRER,PROFIT MAKERRER @SarmadMazhar10 · 15m  https://t.me/ProfitMakerrer   Daily Gold Alerts   Live Charts & Analysis   Stay Updated in the App!  Join here:  https://t.me/ProfitMakerrer  https://t.me/ProfitMakerrer  #GOLD   #FOREX #XAUUSD  #crypto #BTC .oyx68 9,2025-08-08,08:11:00
Peter Henrique,Peter Henrique @mateenjnre · 15m Lost funds on #Crpobase or #Oxgatens? You’re not alone — recovery is still possible.  DM now for expert assistance!  #CryptoRecovery #CryptoScam #ScamAlert #ETH #BTC #Marginswap #Bitnero #LSSC #Swaper #Cosmice #Tradecage #ScamWarning 9,2025-08-08,08:11:00
seika,seika @ui8ti89 · 15m トレードで迷いが減ったのは雅人さんのおかげ。分析が的確すぎて、今では勝率も安定。見てるか見てないかで本当に差が出る。  ドル円 #USDJPY ビットコイン #BTC XAUUSD ゴールド リップル ユーロドル 金利 TOPIX Quote 雅人|FXトレーダー×ドル円×ビットコイン×ゴールド分析| @masato_fxtrader · 26m ドル円進捗です！  レンジ相場でどちらも狙える状況です。 目線は引き続き戻り売り狙っていきます  147.590が非常に強いレジスタンスに。 1時間足・15分足ともに複数回上ヒゲで抑えられている ブレイクできずに反発→失速→反発の繰り返し。  トリプルトップ形成の兆し Show more 155,2025-08-08,08:10:57
hashim jaffri,hashim jaffri @hashim11289 · 15m If i look this chart It is looking absolutely going against my prediction. If i analysze this it break out resistance zone & blue trendline & taking support presently possible target around 155.1k if 143.7k break. In order to undue todays #Btc candle must be ingulf Quote hashim jaffri @hashim11289 · Aug 5 If #Btc  repeat previous pattern weekly time frame should appear like this  x.com/hashim11289/st… 5,2025-08-08,08:10:54
Ekonomikoçu,"Ekonomikoçu @ekonomikocu · 15m 2023 2024 yılında ABD borsaları düşüyordu..  Bu düşüş gelseydi, ABD çok sıkışacaktı faiz indirim süreçleri erkenden başlayacaktı.  #BTC dediler her yolu denediler, #enflasyonu azdırdılar.  Hem kendi borsalarındaki  düşüşleri yaşatmadılar,  hem de enflasyonu bahane edip, faiz Show more 1 1 94 3.7K",2025-08-08,08:10:52
PROFIT MAKERRER,PROFIT MAKERRER @SarmadMazhar10 · 15m  https://t.me/ProfitMakerrer   Daily Gold Alerts   Live Charts & Analysis   Stay Updated in the App!  Join here:  https://t.me/ProfitMakerrer  https://t.me/ProfitMakerrer  #GOLD   #FOREX #XAUUSD  #crypto #BTC .mj8e 10,2025-08-08,08:10:52
Peter Henrique,Peter Henrique @mateenjnre · 15m Lost funds to #Crpobase or #Oxgatens? You’re not alone — recovery is within reach.  DM for expert assistance!  #CryptoRecovery #CryptoScam #ScamAlert #ETH #BTC #Marginswap #Bitnero #LSSC #Swaper #Cosmice #Tradecage #ScamWarning 8,2025-08-08,08:10:47
THE TRADES,THE TRADES @TGrayson4408 · 15m Replying to  @TGrayson4408 #bitcoin  #crypto #btc #eth #altcoin #trading #signal #memecoin #forex #xau #investing #gold #blockchain #ETH $ETH #HYPE $HYPE #ETH $ETHjoin our telegram community click below  https://t.me/+2FUDsLK0P7g5Y2Y8… 1 26,2025-08-08,08:10:45
PROFIT MAKERRER,PROFIT MAKERRER @SarmadMazhar10 · 15m  https://t.me/ProfitMakerrer   Daily Gold Alerts   Live Charts & Analysis   Stay Updated in the App!  Join here:  https://t.me/ProfitMakerrer  https://t.me/ProfitMakerrer  #GOLD   #FOREX #XAUUSD  #crypto #BTC .!49# 15,2025-08-08,08:10:44
PROFIT MAKERRER,PROFIT MAKERRER @SarmadMazhar10 · 15m  https://t.me/ProfitMakerrer   Daily Gold Alerts   Live Charts & Analysis   Stay Updated in the App!  Join here:  https://t.me/ProfitMakerrer  https://t.me/ProfitMakerrer  #GOLD   #FOREX #XAUUSD  #crypto #BTC . rhi 12,2025-08-08,08:10:40
MateoHenry,MateoHenry @HenryMateo155 · 15m $BTC / $USD - Update   Plan of action on #Bitcoin   $SPY $TSLA $NVDA $QQQ $META $COIN $MSTR #BTC $AVGO $GEV $ORCL $ARM $NFLX #BTC 1 109,2025-08-08,08:10:34
PROFIT MAKERRER,PROFIT MAKERRER @SarmadMazhar10 · 15m  https://t.me/ProfitMakerrer   Daily Gold Alerts   Live Charts & Analysis   Stay Updated in the App!  Join here:  https://t.me/ProfitMakerrer  https://t.me/ProfitMakerrer  #GOLD   #FOREX #XAUUSD  #crypto #BTC .97f97clu 10,2025-08-08,08:10:32
PROFIT MAKERRER,PROFIT MAKERRER @SarmadMazhar10 · 15m  https://t.me/ProfitMakerrer   Daily Gold Alerts   Live Charts & Analysis   Stay Updated in the App!  Join here:  https://t.me/ProfitMakerrer  https://t.me/ProfitMakerrer  #GOLD   #FOREX #XAUUSD  #crypto #BTC .8yc8 me 11,2025-08-08,08:10:30
THE TRADES,THE TRADES @TGrayson4408 · 15m Replying to  @TGrayson4408 #bitcoin  #crypto #btc #eth #altcoin #trading #signal #memecoin #forex #xau #investing #gold #blockchain #ETH $ETH #HYPE $HYPE #ETH $ETHjoin our telegram community click below  https://t.me/+2FUDsLK0P7g5Y2Y8… 21,2025-08-08,08:10:15
BURNS MiLLER CRYPTO RECOVERY TEAM,BURNS MiLLER CRYPTO RECOVERY TEAM @rekttfencerrr · 16m  Identity theft + deepfakes = rising crypto scam trend!  Be cautious — not every “founder” video is real.  #CryptoRecovery #BitWalletBP #CryptoScam #ScamAlert #Blockchain #BTC #Web3 #CryptoCommunity #Altcoin #ETH #DegeCoin #Margex #IdentityTheft #RevengedLove 1 130,2025-08-08,08:10:09
nyao,nyao @Uu0Tot · 16m 前まで曖昧だったエントリーが、雅人さんの分析を参考にするようになってから一気に精度上がった。無料でこれはマジでありがたい。  ドル円 #USDJPY ビットコイン #BTC XAUUSD ゴールド リップル ユーロドル 金利 TOPIX Quote 雅人|FXトレーダー×ドル円×ビットコイン×ゴールド分析| @masato_fxtrader · 26m ドル円進捗です！  レンジ相場でどちらも狙える状況です。 目線は引き続き戻り売り狙っていきます  147.590が非常に強いレジスタンスに。 1時間足・15分足ともに複数回上ヒゲで抑えられている ブレイクできずに反発→失速→反発の繰り返し。  トリプルトップ形成の兆し Show more 143,2025-08-08,08:10:07
Randy Leary,Randy Leary @Randylearyooo · 16m $BTC / $USD - Update   Plan of action on #Bitcoin   $SPY $TSLA $NVDA $QQQ $META $COIN $MSTR #BTC $AVGO $GEV $ORCL $ARM $NFLX #BTC 1 109,2025-08-08,08:10:04
RevolutionVerte,RevolutionVerte @LeadsHibiscus · 16m Blogue immobilier France et international: Réussir la vente d'un logement https://kikori.fr/p/conseils-vendeurs.html?spref=tw…   #France #Marketing #MarketingStrategy #marketingagency #MarketingSuccess #marketingtips #immobilier #immeuble #acquereur #acquisition #notaire #transaction #chasseurimmobilier #BTC 6,2025-08-08,08:10:02
Yuriy BikoTrading | OrderFlow Trader,"Yuriy BikoTrading | OrderFlow Trader @Yuriy_Biko · 16m #BTC $ETH #XRP  Green is my favorite color, what about you? 1 85",2025-08-08,08:09:51
THE TRADES,THE TRADES @TGrayson4408 · 16m Replying to  @TGrayson4408 #bitcoin  #crypto #btc #eth #altcoin #trading #signal #memecoin #forex #xau #investing #gold #blockchain #ETH $ETH #HYPE $HYPE #ETH $ETHjoin our telegram community click below  https://t.me/+2FUDsLK0P7g5Y2Y8… 1 15,2025-08-08,08:09:42
Emre,Emre @PArchEmre · 16m #BTC #ETH #XRP ETH 1 41,2025-08-08,08:09:40
Peter Henrique,Peter Henrique @mateenjnre · 16m  Trouble withdrawing from #Swaperio after buying? It’s not a glitch—it’s a scam.  DM now before more is lost.  #SwaperScam #CryptoRecovery #CryptoScam #Swaper #BTC #ETH #Web3Alert #GetHelp #RecoverySupport #PonziScheme 8,2025-08-08,08:09:39
Paulo source,Paulo source @marcin_bielik · 16m #BTC $BTC LIMIT SHORT TRADE  ENTRY: 115590 area  TARGET: 113360  STOPLOSS: 116150  Free daily signals? JOIN our telegram group  https://t.me/+fy1pArKJKQdmYzY0… 8,2025-08-08,08:09:35
White wolf,White wolf @Whitewolf2041 · 16m Replying to  @KaitoAI great news  #btc #eth #xrp #sol #ltc #pepe #bitcoin #KaitoAI #KaitoYaps 1 54,2025-08-08,08:09:28
PROFIT MAKERRER,PROFIT MAKERRER @SarmadMazhar10 · 16m  https://t.me/ProfitMakerrer   Daily Gold Alerts   Live Charts & Analysis   Stay Updated in the App!  Join here:  https://t.me/ProfitMakerrer  https://t.me/ProfitMakerrer  #GOLD   #FOREX #XAUUSD  #crypto #BTC .p7f9g 10,2025-08-08,08:09:27
PROFIT MAKERRER,PROFIT MAKERRER @SarmadMazhar10 · 16m  https://t.me/ProfitMakerrer   Daily Gold Alerts   Live Charts & Analysis   Stay Updated in the App!  Join here:  https://t.me/ProfitMakerrer  https://t.me/ProfitMakerrer  #GOLD   #FOREX #XAUUSD  #crypto #BTC .i6dd 11,2025-08-08,08:09:24
주식-BOT,주식-BOT @TtwStockBot · 17m 2025. 8. 8. 오후 5:08:57 - [BOT] - 다음거래일 관심종목 업데이트 - http://thdtjsdn.com:49310/app_stocks_kr/html_page/CheckStockResultsOfInterest/index.html… #thdtjsdn #message #주식 #NASDAQ #BTC 17,2025-08-08,08:08:59
THE TRADES,THE TRADES @TGrayson4408 · 17m Replying to  @TGrayson4408 #bitcoin  #crypto #btc #eth #altcoin #trading #signal #memecoin #forex #xau #investing #gold #blockchain #ETH $ETH #HYPE $HYPE #ETH $ETHjoin our telegram community click below  https://t.me/+2FUDsLK0P7g5Y2Y8… 1 1 20,2025-08-08,08:08:59
開運鬼龍 BYBIT【KAIUN】BITGET【h1qb】MEXC【1aXc9】,開運鬼龍 BYBIT【KAIUN】BITGET【h1qb】MEXC【1aXc9】 @kaiun69 · 17m 【 $ETH 預けるだけで年利666%】  #ZOOMEX の  超特別キャンペーン開催中  既存ユーザー向けの 年利UPクーポンもあるよ  詳細・参加などはコチラ https://partner.zoomex.com/kaiun0806  #ZOOMEX 新規登録はコチラ 招待コードをどうぞ【KAIUN】 http://partner.zoomex.com/kaiun  開運鬼龍#BTC 4 1 2 277,2025-08-08,08:08:57
Murtaza Saraf,Murtaza Saraf @Murtaza_Saraf · 17m If #Bitcoin were a country:  GDP: $1.3 Trillion (ahead of Spain  & Australia )  Energy Use: More than Argentina   Population: 46M holders (bigger than Canada )  Not just a coin. A global force.   #BTC #Crypto #BitcoinCountry #WAGMI #CryptoFacts 1 1 17,2025-08-08,08:08:53
Profesor,"Profesor @ProfesorTurkmen · 17m Kripto para borsalarında çok fazla long birikti. #BTC, #ETH ve tabii ki #Altcoin'lerde bir çakış gelebilir. Dikkatli olunuz ve gerçekleşirse paniğe kapılmayınız. 23 4 110 3.7K",2025-08-08,08:08:49
Peter Henrique,"Peter Henrique @mateenjnre · 17m  Funds stuck on #Cryptwave or #ACEOV? Same scam pattern as #Finnatrix & #BWUTG.  DM now for trusted, expert recovery help. #CryptoRecovery #CryptoScam #BTC #Trofro #BKEX #Bitomo #Lwex #PrexaSwap #Duex #SKVQ #Finance #DifferentScamOneSolution 3",2025-08-08,08:08:46
RevolutionVerte,RevolutionVerte @LeadsHibiscus · 17m Blogue immobilier France et international: Le marché immobilier Parisien https://kikori.fr/p/blog-page_7.html?spref=tw…   #France #Marketing #MarketingStrategy #marketingagency #MarketingSuccess #marketingtips #immobilier #immeuble #Paris #Parisien #Parisienne #capitale #architecture #architecte #BTC 1 10,2025-08-08,08:08:38
JDC,"JDC @cruz_crypto87 · 17m $eth (3 days chart) - the most important chart you can look at right now is this. Break and hold above and we party hard. Rejected twice, but the third time is a charm...  $btc #btc #eth $sol $sui $atom $doge $avax $dot $xrp $bnb $trx $ada  $near $apt $uni $pepe $tao #altseason 142",2025-08-08,08:08:32
carlo martinuzzi,"carlo martinuzzi @Carlomrtz · 17m #bitcoin + #usdt + #xaut. #eur sotterrato, #eurexit individuale sempre piú facile da percorrere.  #btc #tether 21",2025-08-08,08:08:31
Bassface Trader,Bassface Trader @bassface111 · 17m #BTC   2 of the 3 trade ideas which we're shared with the group have played out nicely so far.  Profits booked with and partials still running and a  3rd level to level position  More Info https://crypto-ta.nl 1 112,2025-08-08,08:08:31
THE TRADES,THE TRADES @TGrayson4408 · 17m Replying to  @TGrayson4408 #bitcoin  #crypto #btc #eth #altcoin #trading #signal #memecoin #forex #xau #investing #gold #blockchain #ETH $ETH #HYPE $HYPE #ETH $ETHjoin our telegram community click below  https://t.me/+2FUDsLK0P7g5Y2Y8… 14,2025-08-08,08:08:24
SHS Tigers//CRYPTO-RECOVERY,SHS Tigers//CRYPTO-RECOVERY @SHSTigersFB · 18m Stuck in the #TradeCage scam? Seeing fake profits & locked accounts? You’re not alone.  DM now for reliable crypto recovery help. #CryptoRecovery #BTC #Nebumine #Crpobase #bitsorcoinsa #Swaper #QuantumXF #XTrustEX #TPMTPO #LSSC #XRPmarkets #Kertexcoin #trustundvip 3,2025-08-08,08:08:18
RevolutionVerte,RevolutionVerte @LeadsHibiscus · 18m Blogue immobilier France et international: L'architecture et immobilier https://kikori.fr/p/larchitecture-et-immobilier.html?spref=tw…   #France #Marketing #MarketingStrategy #marketingagency #MarketingSuccess #marketingtips #immobilier #immeuble #Paris #Parisien #Parisienne #capitale #architecture #architecte #BTC 1 5,2025-08-08,08:08:10
btcdailyreturn,"btcdailyreturn @btcdailyreturn · 18m Post-halving, the #BTC market often enters a new phase.  Historically, there's been significant price action! What's your best post-halving market memory? Share below!  #MarketWatch #BitcoinTrends 12",2025-08-08,08:08:10
CRYPTOLABKW,"CRYPTOLABKW @CRYPTOLABKW · 18m #BTC #Just_an_artistic_look_share_and_retweet #Binance Futures, Bitget Futures #BRETT/USDT Take-Profit target 1  Profit: 30.1365%  Period: 3 Hours 53 Minutes https://ift.tt/SytNIL5 7",2025-08-08,08:08:00
THE TRADES,THE TRADES @TGrayson4408 · 18m Replying to  @TGrayson4408 #bitcoin  #crypto #btc #eth #altcoin #trading #signal #memecoin #forex #xau #investing #gold #blockchain #ETH $ETH #HYPE $HYPE #ETH $ETHjoin our telegram community click below  https://t.me/+2FUDsLK0P7g5Y2Y8… 1 1 16,2025-08-08,08:07:52
Margarida Barbosa,Margarida Barbosa @margaridaB_9 · 18m $BTC   Short  Entry: 114938  TP:  114000 113500  SL: 116500 Join us  https://t.me/+Y5cTKFKN9Xg3NGQ0…  $PENGU $ENA $CKB $HYPER $SYRUP $BTC $ETH $SOL $XRP $Coins $HYPE $SPX $AVAX   #bitcoin  #crypto #btc #eth #altcoin #trading #signal #memecoin  #investing #BTCUSDT t.me Join group chat on Telegram 1 118,2025-08-08,08:07:48
Peter Henrique,Peter Henrique @mateenjnre · 18m  Identity theft + deepfakes = rising crypto scam trend!  Be cautious — not every “founder” video is real.  #CryptoRecovery #BitWalletBP #CryptoScam #ScamAlert #Blockchain #BTC #Web3 #CryptoCommunity #Altcoin #ETH #DegeCoin #Margex #IdentityTheft 14,2025-08-08,08:07:32
White wolf,"White wolf @Whitewolf2041 · 18m The future of Web3 is being built by visionaries like  @billions_ntwk  &  @KaitoAI  — two networks redefining how humans, AI, and data interact. #btc #eth #xrp #sol #pepe #Kaitoyaps #CryptoMarket #Binance #Coinbase #mexc #bitget #Kucoin 52",2025-08-08,08:07:29
feetcion / usdc,feetcion / usdc @feetcion · 19m Get Moonshot with my link: #feet #btc #sol #solana #Memes #memecoin #crypto #nft #Bitcoin #bnb       https://moonshot.com/?ref=g4WksFTxGz 2 31,2025-08-08,08:07:18
THE TRADES,THE TRADES @TGrayson4408 · 19m Replying to  @TGrayson4408 #bitcoin  #crypto #btc #eth #altcoin #trading #signal #memecoin #forex #xau #investing #gold #blockchain #ETH $ETH #HYPE $HYPE #ETH $ETHjoin our telegram community click below  https://t.me/+2FUDsLK0P7g5Y2Y8… 1 1 20,2025-08-08,08:07:14
Moon road,Moon road @moonroad_token · 19m  $MRT prouve que les petits prix cachent parfois de grandes surprises : • Bas à $0.0000010267 • Maintenant à $0.0000082359  • +1.24% aujourd'hui  Les diamants se trouvent parfois dans les décimales  #CryptoMarket #CoinMarketCap #MRT #BTC #Bullish #Holders 2,2025-08-08,08:07:13
